
-- phpMyAdmin SQL Dump
-- version 4.0.10deb1
-- http://www.phpmyadmin.net
--
-- Host: devserver-01.cjjbhhqou0ey.us-west-2.rds.amazonaws.com
-- Generation Time: Sep 13, 2016 at 01:51 PM
-- Server version: 5.6.23-log
-- PHP Version: 5.5.9-1ubuntu4.19

SET SQL_MODE = "NO_AUTO_VALUE_ON_ZERO";
SET time_zone = "+00:00";


/*!40101 SET @OLD_CHARACTER_SET_CLIENT=@@CHARACTER_SET_CLIENT */;
/*!40101 SET @OLD_CHARACTER_SET_RESULTS=@@CHARACTER_SET_RESULTS */;
/*!40101 SET @OLD_COLLATION_CONNECTION=@@COLLATION_CONNECTION */;
/*!40101 SET NAMES utf8 */;

--
-- Database: `school_rest_api`
--

-- --------------------------------------------------------

--
-- Table structure for table `attendences`
--

CREATE TABLE IF NOT EXISTS `attendences` (
  `id` int(11) NOT NULL AUTO_INCREMENT,
  `student_id` int(11) NOT NULL,
  `teacher_id` int(11) NOT NULL,
  `date` date NOT NULL,
  `day` int(4) DEFAULT NULL,
  `month` int(4) DEFAULT NULL,
  `year` int(10) DEFAULT NULL,
  `attendence_status_id` int(2) NOT NULL,
  `status` tinyint(1) NOT NULL DEFAULT '1',
  `created` datetime NOT NULL,
  `modified` datetime NOT NULL,
  PRIMARY KEY (`id`)
) ENGINE=InnoDB  DEFAULT CHARSET=latin1 AUTO_INCREMENT=355 ;

--
-- Dumping data for table `attendences`
--

INSERT INTO `attendences` (`id`, `student_id`, `teacher_id`, `date`, `day`, `month`, `year`, `attendence_status_id`, `status`, `created`, `modified`) VALUES
(1, 2, 32, '2016-06-13', 13, 6, 2016, 2, 1, '2016-06-13 11:32:27', '0000-00-00 00:00:00'),
(2, 6, 32, '2016-06-13', 13, 6, 2016, 2, 1, '2016-06-13 11:32:27', '0000-00-00 00:00:00'),
(3, 7, 32, '2016-06-13', 13, 6, 2016, 2, 1, '2016-06-13 11:32:27', '0000-00-00 00:00:00'),
(4, 8, 32, '2016-06-13', 13, 6, 2016, 1, 1, '2016-06-13 11:32:27', '0000-00-00 00:00:00'),
(9, 2, 32, '2016-06-10', 10, 6, 2016, 2, 1, '2016-06-13 12:29:20', '2016-06-13 12:29:20'),
(10, 7, 32, '2016-06-10', 10, 6, 2016, 1, 1, '2016-06-13 12:29:20', '2016-06-13 12:29:20'),
(11, 8, 32, '2016-06-10', 10, 6, 2016, 2, 1, '2016-06-13 12:29:20', '2016-06-13 12:29:20'),
(12, 6, 32, '2016-06-10', 10, 6, 2016, 1, 1, '2016-06-13 12:29:20', '2016-06-13 12:29:20'),
(13, 3, 33, '2016-06-15', 15, 6, 2016, 1, 1, '2016-06-15 04:03:04', '0000-00-00 00:00:00'),
(14, 4, 33, '2016-06-15', 15, 6, 2016, 1, 1, '2016-06-15 04:03:04', '0000-00-00 00:00:00'),
(15, 5, 33, '2016-06-15', 15, 6, 2016, 1, 1, '2016-06-15 04:03:04', '0000-00-00 00:00:00'),
(16, 9, 33, '2016-06-15', 15, 6, 2016, 2, 1, '2016-06-15 04:03:04', '0000-00-00 00:00:00'),
(17, 8, 32, '2016-06-17', 17, 6, 2016, 3, 1, '2016-06-17 03:22:41', '0000-00-00 00:00:00'),
(18, 7, 32, '2016-06-17', 17, 6, 2016, 1, 1, '2016-06-17 03:22:41', '0000-00-00 00:00:00'),
(19, 6, 32, '2016-06-17', 17, 6, 2016, 1, 1, '2016-06-17 03:22:41', '0000-00-00 00:00:00'),
(20, 2, 32, '2016-06-17', 17, 6, 2016, 3, 1, '2016-06-17 03:22:41', '0000-00-00 00:00:00'),
(21, 8, 32, '2016-06-12', 12, 6, 2016, 1, 1, '2016-06-17 03:23:13', '2016-06-17 15:23:13'),
(22, 7, 32, '2016-06-12', 12, 6, 2016, 1, 1, '2016-06-17 03:23:13', '2016-06-17 15:23:13'),
(23, 6, 32, '2016-06-12', 12, 6, 2016, 1, 1, '2016-06-17 03:23:13', '2016-06-17 15:23:13'),
(24, 2, 32, '2016-06-12', 12, 6, 2016, 3, 1, '2016-06-17 03:23:13', '2016-06-17 15:23:13'),
(25, 8, 32, '2016-06-15', 15, 6, 2016, 1, 1, '2016-06-17 06:24:38', '0000-00-00 00:00:00'),
(26, 7, 32, '2016-06-15', 15, 6, 2016, 1, 1, '2016-06-17 06:24:38', '0000-00-00 00:00:00'),
(27, 6, 32, '2016-06-15', 15, 6, 2016, 1, 1, '2016-06-17 06:24:38', '0000-00-00 00:00:00'),
(28, 2, 32, '2016-06-15', 15, 6, 2016, 1, 1, '2016-06-17 06:24:38', '0000-00-00 00:00:00'),
(29, 8, 32, '2016-06-16', 16, 6, 2016, 2, 1, '2016-06-17 06:24:56', '0000-00-00 00:00:00'),
(30, 7, 32, '2016-06-16', 16, 6, 2016, 1, 1, '2016-06-17 06:24:56', '0000-00-00 00:00:00'),
(31, 6, 32, '2016-06-16', 16, 6, 2016, 1, 1, '2016-06-17 06:24:56', '0000-00-00 00:00:00'),
(32, 2, 32, '2016-06-16', 16, 6, 2016, 2, 1, '2016-06-17 06:24:56', '0000-00-00 00:00:00'),
(33, 3, 33, '2016-06-16', 16, 6, 2016, 1, 1, '2016-06-17 06:41:02', '2016-06-17 18:41:02'),
(34, 4, 33, '2016-06-16', 16, 6, 2016, 1, 1, '2016-06-17 06:41:02', '2016-06-17 18:41:02'),
(35, 5, 33, '2016-06-16', 16, 6, 2016, 1, 1, '2016-06-17 06:41:02', '2016-06-17 18:41:02'),
(36, 9, 33, '2016-06-16', 16, 6, 2016, 1, 1, '2016-06-17 06:41:02', '2016-06-17 18:41:02'),
(37, 3, 33, '2016-06-17', 17, 6, 2016, 1, 1, '2016-06-17 06:41:12', '2016-06-17 18:41:12'),
(38, 4, 33, '2016-06-17', 17, 6, 2016, 2, 1, '2016-06-17 06:41:12', '2016-06-17 18:41:12'),
(39, 5, 33, '2016-06-17', 17, 6, 2016, 1, 1, '2016-06-17 06:41:12', '2016-06-17 18:41:12'),
(40, 9, 33, '2016-06-17', 17, 6, 2016, 1, 1, '2016-06-17 06:41:12', '2016-06-17 18:41:12'),
(41, 3, 33, '2016-06-18', 18, 6, 2016, 1, 1, '2016-06-17 06:41:27', '0000-00-00 00:00:00'),
(42, 4, 33, '2016-06-18', 18, 6, 2016, 3, 1, '2016-06-17 06:41:27', '0000-00-00 00:00:00'),
(43, 5, 33, '2016-06-18', 18, 6, 2016, 1, 1, '2016-06-17 06:41:27', '0000-00-00 00:00:00'),
(44, 9, 33, '2016-06-18', 18, 6, 2016, 1, 1, '2016-06-17 06:41:27', '0000-00-00 00:00:00'),
(45, 8, 32, '2016-06-18', 18, 6, 2016, 1, 1, '2016-06-18 07:08:44', '2016-06-18 07:08:44'),
(46, 7, 32, '2016-06-18', 18, 6, 2016, 1, 1, '2016-06-18 07:08:44', '2016-06-18 07:08:44'),
(47, 6, 32, '2016-06-18', 18, 6, 2016, 1, 1, '2016-06-18 07:08:44', '2016-06-18 07:08:44'),
(48, 2, 32, '2016-06-18', 18, 6, 2016, 1, 1, '2016-06-18 07:08:44', '2016-06-18 07:08:44'),
(49, 8, 32, '2016-06-21', 21, 6, 2016, 2, 1, '2016-06-21 07:52:23', '0000-00-00 00:00:00'),
(50, 7, 32, '2016-06-21', 21, 6, 2016, 1, 1, '2016-06-21 07:52:23', '0000-00-00 00:00:00'),
(51, 6, 32, '2016-06-21', 21, 6, 2016, 1, 1, '2016-06-21 07:52:23', '0000-00-00 00:00:00'),
(52, 2, 32, '2016-06-21', 21, 6, 2016, 1, 1, '2016-06-21 07:52:23', '0000-00-00 00:00:00'),
(53, 10, 36, '2016-06-21', 21, 6, 2016, 2, 1, '2016-06-21 08:39:03', '0000-00-00 00:00:00'),
(54, 11, 36, '2016-06-21', 21, 6, 2016, 2, 1, '2016-06-21 08:39:03', '0000-00-00 00:00:00'),
(55, 12, 36, '2016-06-21', 21, 6, 2016, 3, 1, '2016-06-21 08:39:03', '0000-00-00 00:00:00'),
(56, 10, 36, '2016-06-21', 21, 6, 2016, 2, 1, '2016-06-21 08:39:11', '0000-00-00 00:00:00'),
(57, 11, 36, '2016-06-21', 21, 6, 2016, 1, 1, '2016-06-21 08:39:11', '0000-00-00 00:00:00'),
(58, 12, 36, '2016-06-21', 21, 6, 2016, 3, 1, '2016-06-21 08:39:11', '0000-00-00 00:00:00'),
(59, 8, 32, '2016-06-05', 5, 6, 2016, 1, 1, '2016-06-26 07:09:23', '2016-06-26 07:09:23'),
(60, 7, 32, '2016-06-05', 5, 6, 2016, 1, 1, '2016-06-26 07:09:23', '2016-06-26 07:09:23'),
(61, 6, 32, '2016-06-05', 5, 6, 2016, 1, 1, '2016-06-26 07:09:23', '2016-06-26 07:09:23'),
(62, 2, 32, '2016-06-05', 5, 6, 2016, 1, 1, '2016-06-26 07:09:23', '2016-06-26 07:09:23'),
(63, 2, 32, '2016-07-12', 12, 7, 2016, 1, 1, '2016-07-12 03:37:56', '2016-07-12 03:37:56'),
(64, 6, 32, '2016-07-12', 12, 7, 2016, 2, 1, '2016-07-12 03:37:56', '2016-07-12 03:37:56'),
(65, 7, 32, '2016-07-12', 12, 7, 2016, 1, 1, '2016-07-12 03:37:56', '2016-07-12 03:37:56'),
(66, 8, 32, '2016-07-12', 12, 7, 2016, 1, 1, '2016-07-12 03:37:56', '2016-07-12 03:37:56'),
(67, 2, 32, '2016-07-17', 17, 7, 2016, 2, 1, '2016-07-17 09:57:16', '2016-07-17 09:57:16'),
(68, 7, 32, '2016-07-17', 17, 7, 2016, 1, 1, '2016-07-17 09:57:16', '2016-07-17 09:57:16'),
(69, 8, 32, '2016-07-17', 17, 7, 2016, 1, 1, '2016-07-17 09:57:16', '2016-07-17 09:57:16'),
(70, 6, 32, '2016-07-17', 17, 7, 2016, 1, 1, '2016-07-17 09:57:16', '2016-07-17 09:57:16'),
(71, 2, 32, '2016-07-22', 22, 7, 2016, 2, 1, '2016-07-22 10:52:22', '2016-07-22 10:52:22'),
(72, 7, 32, '2016-07-22', 22, 7, 2016, 2, 1, '2016-07-22 10:52:22', '2016-07-22 10:52:22'),
(73, 8, 32, '2016-07-22', 22, 7, 2016, 1, 1, '2016-07-22 10:52:22', '2016-07-22 10:52:22'),
(74, 6, 32, '2016-07-22', 22, 7, 2016, 3, 1, '2016-07-22 10:52:22', '2016-07-22 10:52:22'),
(75, 2, 32, '2016-07-23', 23, 7, 2016, 3, 1, '2016-07-23 03:12:08', '0000-00-00 00:00:00'),
(76, 7, 32, '2016-07-23', 23, 7, 2016, 2, 1, '2016-07-23 03:12:08', '0000-00-00 00:00:00'),
(77, 8, 32, '2016-07-23', 23, 7, 2016, 3, 1, '2016-07-23 03:12:08', '0000-00-00 00:00:00'),
(78, 6, 32, '2016-07-23', 23, 7, 2016, 1, 1, '2016-07-23 03:12:08', '0000-00-00 00:00:00'),
(79, 2, 32, '2016-07-25', 25, 7, 2016, 2, 1, '2016-07-25 04:10:27', '2016-07-25 16:10:27'),
(80, 7, 32, '2016-07-25', 25, 7, 2016, 1, 1, '2016-07-25 04:10:27', '2016-07-25 16:10:27'),
(81, 8, 32, '2016-07-25', 25, 7, 2016, 2, 1, '2016-07-25 04:10:27', '2016-07-25 16:10:27'),
(82, 6, 32, '2016-07-25', 25, 7, 2016, 2, 1, '2016-07-25 04:10:27', '2016-07-25 16:10:27'),
(83, 2, 32, '2016-07-20', 20, 7, 2016, 1, 1, '2016-07-25 04:10:51', '2016-07-25 16:10:51'),
(84, 7, 32, '2016-07-20', 20, 7, 2016, 1, 1, '2016-07-25 04:10:51', '2016-07-25 16:10:51'),
(85, 8, 32, '2016-07-20', 20, 7, 2016, 2, 1, '2016-07-25 04:10:51', '2016-07-25 16:10:51'),
(86, 6, 32, '2016-07-20', 20, 7, 2016, 1, 1, '2016-07-25 04:10:51', '2016-07-25 16:10:51'),
(87, 2, 32, '2016-07-24', 24, 7, 2016, 1, 1, '2016-07-25 04:11:15', '2016-07-25 16:11:15'),
(88, 7, 32, '2016-07-24', 24, 7, 2016, 1, 1, '2016-07-25 04:11:15', '2016-07-25 16:11:15'),
(89, 8, 32, '2016-07-24', 24, 7, 2016, 2, 1, '2016-07-25 04:11:15', '2016-07-25 16:11:15'),
(90, 6, 32, '2016-07-24', 24, 7, 2016, 1, 1, '2016-07-25 04:11:15', '2016-07-25 16:11:15'),
(91, 2, 32, '2016-07-28', 28, 7, 2016, 1, 1, '2016-07-28 05:35:54', '2016-07-28 17:35:55'),
(92, 7, 32, '2016-07-28', 28, 7, 2016, 1, 1, '2016-07-28 05:35:54', '2016-07-28 17:35:55'),
(93, 8, 32, '2016-07-28', 28, 7, 2016, 1, 1, '2016-07-28 05:35:54', '2016-07-28 17:35:55'),
(94, 6, 32, '2016-07-28', 28, 7, 2016, 1, 1, '2016-07-28 05:35:54', '2016-07-28 17:35:55'),
(95, 2, 32, '2016-07-28', 28, 7, 2016, 1, 1, '2016-07-28 05:38:08', '2016-07-28 17:38:08'),
(96, 7, 32, '2016-07-28', 28, 7, 2016, 1, 1, '2016-07-28 05:38:08', '2016-07-28 17:38:08'),
(97, 8, 32, '2016-07-28', 28, 7, 2016, 1, 1, '2016-07-28 05:38:08', '2016-07-28 17:38:08'),
(98, 6, 32, '2016-07-28', 28, 7, 2016, 1, 1, '2016-07-28 05:38:08', '2016-07-28 17:38:08'),
(99, 2, 32, '2016-07-28', 28, 7, 2016, 1, 1, '2016-07-28 05:39:21', '2016-07-28 17:39:21'),
(100, 7, 32, '2016-07-28', 28, 7, 2016, 1, 1, '2016-07-28 05:39:21', '2016-07-28 17:39:21'),
(101, 8, 32, '2016-07-28', 28, 7, 2016, 1, 1, '2016-07-28 05:39:21', '2016-07-28 17:39:21'),
(102, 6, 32, '2016-07-28', 28, 7, 2016, 1, 1, '2016-07-28 05:39:21', '2016-07-28 17:39:21'),
(103, 2, 32, '2016-07-28', 28, 7, 2016, 1, 1, '2016-07-28 05:44:54', '2016-07-28 17:44:54'),
(104, 2, 32, '2016-07-28', 28, 7, 2016, 1, 1, '2016-07-28 05:45:02', '2016-07-28 17:45:02'),
(105, 0, 32, '2016-07-28', 28, 7, 2016, 0, 1, '2016-07-28 05:45:33', '2016-07-28 17:45:33'),
(106, 2, 1, '2016-07-28', 28, 7, 2016, 0, 1, '2016-07-28 05:46:27', '2016-07-28 17:46:27'),
(107, 2, 32, '2016-07-28', 28, 7, 2016, 1, 1, '2016-07-28 05:46:31', '2016-07-28 17:46:31'),
(108, 2, 1, '2016-07-28', 28, 7, 2016, 0, 1, '2016-07-28 05:46:44', '2016-07-28 17:46:44'),
(109, 2, 1, '2016-07-28', 28, 7, 2016, 0, 1, '2016-07-28 05:47:30', '2016-07-28 17:47:30'),
(110, 2, 32, '2016-07-28', 28, 7, 2016, 0, 1, '2016-07-28 05:48:50', '2016-07-28 17:48:50'),
(111, 2, 32, '2016-07-28', 28, 7, 2016, 1, 1, '2016-07-28 05:49:56', '2016-07-28 17:49:56'),
(112, 2, 32, '2016-07-28', 28, 7, 2016, 3, 1, '2016-07-28 05:51:07', '2016-07-28 17:51:07'),
(113, 2, 32, '2016-07-28', 28, 7, 2016, 0, 1, '2016-07-28 05:51:27', '2016-07-28 17:51:27'),
(114, 2, 32, '2016-07-28', 28, 7, 2016, 3, 1, '2016-07-28 05:51:48', '2016-07-28 17:51:48'),
(115, 3, 33, '2016-07-28', 28, 7, 2016, 2, 1, '2016-07-28 06:04:36', '2016-07-28 18:04:36'),
(116, 4, 33, '2016-07-28', 28, 7, 2016, 1, 1, '2016-07-28 06:04:36', '2016-07-28 18:04:36'),
(117, 5, 33, '2016-07-28', 28, 7, 2016, 3, 1, '2016-07-28 06:04:36', '2016-07-28 18:04:36'),
(118, 9, 33, '2016-07-28', 28, 7, 2016, 1, 1, '2016-07-28 06:04:36', '2016-07-28 18:04:36'),
(119, 3, 33, '2016-07-28', 28, 7, 2016, 2, 1, '2016-07-28 06:05:37', '2016-07-28 18:05:37'),
(120, 4, 33, '2016-07-28', 28, 7, 2016, 1, 1, '2016-07-28 06:05:37', '2016-07-28 18:05:37'),
(121, 5, 33, '2016-07-28', 28, 7, 2016, 3, 1, '2016-07-28 06:05:37', '2016-07-28 18:05:37'),
(122, 9, 33, '2016-07-28', 28, 7, 2016, 1, 1, '2016-07-28 06:05:37', '2016-07-28 18:05:37'),
(123, 3, 33, '2016-07-28', 28, 7, 2016, 2, 1, '2016-07-28 06:06:01', '2016-07-28 18:06:01'),
(124, 4, 33, '2016-07-28', 28, 7, 2016, 1, 1, '2016-07-28 06:06:01', '2016-07-28 18:06:01'),
(125, 5, 33, '2016-07-28', 28, 7, 2016, 3, 1, '2016-07-28 06:06:01', '2016-07-28 18:06:01'),
(126, 9, 33, '2016-07-28', 28, 7, 2016, 1, 1, '2016-07-28 06:06:01', '2016-07-28 18:06:01'),
(127, 3, 33, '2016-07-28', 28, 7, 2016, 2, 1, '2016-07-28 06:08:09', '2016-07-28 18:08:09'),
(128, 4, 33, '2016-07-28', 28, 7, 2016, 1, 1, '2016-07-28 06:08:09', '2016-07-28 18:08:09'),
(129, 5, 33, '2016-07-28', 28, 7, 2016, 3, 1, '2016-07-28 06:08:09', '2016-07-28 18:08:09'),
(130, 9, 33, '2016-07-28', 28, 7, 2016, 1, 1, '2016-07-28 06:08:09', '2016-07-28 18:08:09'),
(131, 3, 33, '2016-07-28', 28, 7, 2016, 2, 1, '2016-07-28 06:09:47', '2016-07-28 18:09:47'),
(132, 4, 33, '2016-07-28', 28, 7, 2016, 1, 1, '2016-07-28 06:09:47', '2016-07-28 18:09:47'),
(133, 5, 33, '2016-07-28', 28, 7, 2016, 3, 1, '2016-07-28 06:09:47', '2016-07-28 18:09:47'),
(134, 9, 33, '2016-07-28', 28, 7, 2016, 1, 1, '2016-07-28 06:09:47', '2016-07-28 18:09:47'),
(135, 17, 51, '2016-07-28', 28, 7, 2016, 3, 1, '2016-07-28 06:22:39', '2016-07-28 18:22:39'),
(136, 17, 51, '2016-07-28', 28, 7, 2016, 3, 1, '2016-07-28 06:25:08', '2016-07-28 18:25:08'),
(137, 17, 51, '2016-07-28', 28, 7, 2016, 3, 1, '2016-07-28 06:26:18', '2016-07-28 18:26:18'),
(138, 18, 51, '2016-07-28', 28, 7, 2016, 1, 1, '2016-07-28 06:26:18', '2016-07-28 18:26:18'),
(139, 17, 51, '2016-07-28', 28, 7, 2016, 3, 1, '2016-07-28 06:27:28', '2016-07-28 18:27:29'),
(140, 18, 51, '2016-07-28', 28, 7, 2016, 1, 1, '2016-07-28 06:27:28', '2016-07-28 18:27:29'),
(141, 19, 51, '2016-07-28', 28, 7, 2016, 2, 1, '2016-07-28 06:27:28', '2016-07-28 18:27:29'),
(142, 20, 51, '2016-07-28', 28, 7, 2016, 1, 1, '2016-07-28 06:27:28', '2016-07-28 18:27:29'),
(143, 17, 51, '2016-07-28', 28, 7, 2016, 3, 1, '2016-07-28 06:27:44', '2016-07-28 18:27:44'),
(144, 18, 51, '2016-07-28', 28, 7, 2016, 1, 1, '2016-07-28 06:27:44', '2016-07-28 18:27:44'),
(145, 19, 51, '2016-07-28', 28, 7, 2016, 2, 1, '2016-07-28 06:27:44', '2016-07-28 18:27:44'),
(146, 20, 51, '2016-07-28', 28, 7, 2016, 1, 1, '2016-07-28 06:27:44', '2016-07-28 18:27:44'),
(147, 17, 51, '2016-07-28', 28, 7, 2016, 3, 1, '2016-07-28 06:28:11', '2016-07-28 18:28:12'),
(148, 18, 51, '2016-07-28', 28, 7, 2016, 1, 1, '2016-07-28 06:28:11', '2016-07-28 18:28:12'),
(149, 19, 51, '2016-07-28', 28, 7, 2016, 2, 1, '2016-07-28 06:28:11', '2016-07-28 18:28:12'),
(150, 17, 51, '2016-07-28', 28, 7, 2016, 3, 1, '2016-07-28 06:28:26', '2016-07-28 18:28:26'),
(151, 18, 51, '2016-07-28', 28, 7, 2016, 1, 1, '2016-07-28 06:28:26', '2016-07-28 18:28:26'),
(152, 19, 51, '2016-07-28', 28, 7, 2016, 2, 1, '2016-07-28 06:28:26', '2016-07-28 18:28:26'),
(153, 17, 51, '2016-07-28', 28, 7, 2016, 3, 1, '2016-07-28 06:28:33', '2016-07-28 18:28:33'),
(154, 18, 51, '2016-07-28', 28, 7, 2016, 1, 1, '2016-07-28 06:28:33', '2016-07-28 18:28:33'),
(155, 17, 51, '2016-07-28', 28, 7, 2016, 3, 1, '2016-07-28 06:30:03', '2016-07-28 18:30:03'),
(156, 18, 51, '2016-07-28', 28, 7, 2016, 1, 1, '2016-07-28 06:30:03', '2016-07-28 18:30:03'),
(157, 19, 51, '2016-07-28', 28, 7, 2016, 2, 1, '2016-07-28 06:30:03', '2016-07-28 18:30:03'),
(158, 17, 51, '2016-07-28', 28, 7, 2016, 1, 1, '2016-07-28 06:32:10', '2016-07-28 18:32:10'),
(159, 17, 51, '2016-07-28', 28, 7, 2016, 1, 1, '2016-07-28 06:34:06', '2016-07-28 18:34:06'),
(160, 17, 0, '2016-07-28', 28, 7, 2016, 0, 1, '2016-07-28 06:34:41', '2016-07-28 18:34:41'),
(161, 0, 0, '2016-07-28', 28, 7, 2016, 1, 1, '2016-07-28 06:34:41', '2016-07-28 18:34:41'),
(162, 17, 51, '2016-07-28', 28, 7, 2016, 0, 1, '2016-07-28 06:35:18', '2016-07-28 18:35:18'),
(163, 0, 51, '2016-07-28', 28, 7, 2016, 1, 1, '2016-07-28 06:35:18', '2016-07-28 18:35:18'),
(164, 17, 51, '2016-07-28', 28, 7, 2016, 1, 1, '2016-07-28 06:36:18', '2016-07-28 18:36:19'),
(165, 17, 51, '2016-07-28', 28, 7, 2016, 0, 1, '2016-07-28 06:39:17', '2016-07-28 18:39:17'),
(166, 0, 51, '2016-07-28', 28, 7, 2016, 1, 1, '2016-07-28 06:39:17', '2016-07-28 18:39:17'),
(167, 17, 51, '2016-07-28', 28, 7, 2016, 0, 1, '2016-07-28 06:39:45', '2016-07-28 18:39:45'),
(168, 0, 51, '2016-07-28', 28, 7, 2016, 1, 1, '2016-07-28 06:39:45', '2016-07-28 18:39:45'),
(169, 2, 32, '2016-07-29', 29, 7, 2016, 1, 1, '2016-07-28 06:41:44', '2016-07-28 18:41:44'),
(170, 6, 32, '2016-07-29', 29, 7, 2016, 1, 1, '2016-07-28 06:41:44', '2016-07-28 18:41:44'),
(171, 7, 32, '2016-07-29', 29, 7, 2016, 1, 1, '2016-07-28 06:41:44', '2016-07-28 18:41:44'),
(172, 8, 32, '2016-07-29', 29, 7, 2016, 1, 1, '2016-07-28 06:41:44', '2016-07-28 18:41:44'),
(173, 2, 32, '2016-07-28', 28, 7, 2016, 2, 1, '2016-07-28 06:46:07', '2016-07-28 18:46:07'),
(174, 2, 32, '2016-07-28', 28, 7, 2016, 0, 1, '2016-07-28 06:46:21', '2016-07-28 18:46:21'),
(175, 2, 32, '2016-07-28', 28, 7, 2016, 2, 1, '2016-07-28 06:46:41', '2016-07-28 18:46:41'),
(176, 2, 32, '2016-07-28', 28, 7, 2016, 2, 1, '2016-07-28 06:46:44', '2016-07-28 18:46:44'),
(177, 17, 51, '2016-07-28', 28, 7, 2016, 0, 1, '2016-07-28 06:48:50', '2016-07-28 18:48:50'),
(178, 0, 51, '2016-07-28', 28, 7, 2016, 1, 1, '2016-07-28 06:48:50', '2016-07-28 18:48:50'),
(179, 17, 51, '2016-07-28', 28, 7, 2016, 0, 1, '2016-07-28 06:49:01', '2016-07-28 18:49:01'),
(180, 0, 51, '2016-07-28', 28, 7, 2016, 1, 1, '2016-07-28 06:49:01', '2016-07-28 18:49:01'),
(181, 17, 51, '2016-07-28', 28, 7, 2016, 0, 1, '2016-07-28 06:49:18', '2016-07-28 18:49:18'),
(182, 0, 51, '2016-07-28', 28, 7, 2016, 0, 1, '2016-07-28 06:49:18', '2016-07-28 18:49:18'),
(183, 2, 32, '2016-07-28', 28, 7, 2016, 2, 1, '2016-07-28 06:49:20', '2016-07-28 18:49:20'),
(184, 17, 51, '2016-07-28', 28, 7, 2016, 0, 1, '2016-07-28 06:49:25', '2016-07-28 18:49:25'),
(185, 0, 51, '2016-07-28', 28, 7, 2016, 0, 1, '2016-07-28 06:49:25', '2016-07-28 18:49:25'),
(186, 2, 32, '2016-07-28', 28, 7, 2016, 2, 1, '2016-07-28 06:49:25', '2016-07-28 18:49:25'),
(187, 0, 32, '2016-07-28', 28, 7, 2016, 2, 1, '2016-07-28 06:49:29', '2016-07-28 18:49:29'),
(188, 2, 32, '2016-07-28', 28, 7, 2016, 2, 1, '2016-07-28 06:51:32', '2016-07-28 18:51:32'),
(189, 2, 32, '2016-07-28', 28, 7, 2016, 0, 1, '2016-07-28 06:53:08', '2016-07-28 18:53:09'),
(190, 0, 32, '2016-07-28', 28, 7, 2016, 2, 1, '2016-07-28 06:53:08', '2016-07-28 18:53:09'),
(191, 2, 32, '2016-07-28', 28, 7, 2016, 0, 1, '2016-07-28 06:53:45', '2016-07-28 18:53:45'),
(192, 0, 32, '2016-07-28', 28, 7, 2016, 2, 1, '2016-07-28 06:53:45', '2016-07-28 18:53:45'),
(193, 2, 32, '2016-07-28', 28, 7, 2016, 0, 1, '2016-07-28 06:54:32', '2016-07-28 18:54:32'),
(194, 0, 32, '2016-07-28', 28, 7, 2016, 2, 1, '2016-07-28 06:54:32', '2016-07-28 18:54:32'),
(195, 2, 32, '2016-07-28', 28, 7, 2016, 0, 1, '2016-07-28 06:54:48', '2016-07-28 18:54:48'),
(196, 0, 32, '2016-07-28', 28, 7, 2016, 2, 1, '2016-07-28 06:54:48', '2016-07-28 18:54:48'),
(197, 2, 32, '2016-07-28', 28, 7, 2016, 2, 1, '2016-07-28 06:55:01', '2016-07-28 18:55:01'),
(198, 2, 32, '2016-07-28', 28, 7, 2016, 0, 1, '2016-07-28 06:55:28', '2016-07-28 18:55:28'),
(199, 0, 32, '2016-07-28', 28, 7, 2016, 2, 1, '2016-07-28 06:55:28', '2016-07-28 18:55:28'),
(200, 2, 32, '2016-07-28', 28, 7, 2016, 2, 1, '2016-07-28 06:55:41', '2016-07-28 18:55:41'),
(201, 17, 51, '2016-07-28', 28, 7, 2016, 1, 1, '2016-07-28 06:56:13', '2016-07-28 18:56:13'),
(202, 2, 32, '2016-07-28', 28, 7, 2016, 2, 1, '2016-07-28 06:58:04', '2016-07-28 18:58:04'),
(203, 18, 32, '2016-07-28', 28, 7, 2016, 1, 1, '2016-07-28 06:58:04', '2016-07-28 18:58:04'),
(204, 2, 32, '2016-07-28', 28, 7, 2016, 2, 1, '2016-07-28 06:58:36', '2016-07-28 18:58:36'),
(205, 18, 32, '2016-07-28', 28, 7, 2016, 1, 1, '2016-07-28 06:58:36', '2016-07-28 18:58:36'),
(206, 19, 32, '2016-07-28', 28, 7, 2016, 2, 1, '2016-07-28 06:58:36', '2016-07-28 18:58:36'),
(207, 2, 32, '2016-07-28', 28, 7, 2016, 2, 1, '2016-07-28 06:59:14', '2016-07-28 18:59:14'),
(208, 18, 32, '2016-07-28', 28, 7, 2016, 1, 1, '2016-07-28 06:59:14', '2016-07-28 18:59:14'),
(209, 19, 32, '2016-07-28', 28, 7, 2016, 2, 1, '2016-07-28 06:59:14', '2016-07-28 18:59:14'),
(210, 20, 32, '2016-07-28', 28, 7, 2016, 1, 1, '2016-07-28 06:59:14', '2016-07-28 18:59:14'),
(211, 2, 32, '2016-07-28', 28, 7, 2016, 2, 1, '2016-07-28 06:59:29', '2016-07-28 18:59:29'),
(212, 18, 32, '2016-07-28', 28, 7, 2016, 1, 1, '2016-07-28 06:59:29', '2016-07-28 18:59:29'),
(213, 19, 32, '2016-07-28', 28, 7, 2016, 2, 1, '2016-07-28 06:59:29', '2016-07-28 18:59:29'),
(214, 20, 32, '2016-07-28', 28, 7, 2016, 1, 1, '2016-07-28 06:59:29', '2016-07-28 18:59:29'),
(215, 2, 32, '2016-07-28', 28, 7, 2016, 2, 1, '2016-07-28 06:59:48', '2016-07-28 18:59:48'),
(216, 18, 32, '2016-07-28', 28, 7, 2016, 1, 1, '2016-07-28 06:59:48', '2016-07-28 18:59:48'),
(217, 19, 32, '2016-07-28', 28, 7, 2016, 2, 1, '2016-07-28 06:59:48', '2016-07-28 18:59:48'),
(218, 20, 32, '2016-07-28', 28, 7, 2016, 1, 1, '2016-07-28 06:59:48', '2016-07-28 18:59:48'),
(219, 17, 51, '2016-07-28', 28, 7, 2016, 1, 1, '2016-07-28 19:24:56', '0000-00-00 00:00:00'),
(220, 17, 32, '2016-07-28', 28, 7, 2016, 1, 1, '2016-07-28 19:25:23', '0000-00-00 00:00:00'),
(221, 17, 32, '2016-07-28', 28, 7, 2016, 1, 1, '2016-07-28 19:26:06', '0000-00-00 00:00:00'),
(222, 2, 32, '2016-07-28', 28, 7, 2016, 1, 1, '2016-07-28 19:26:26', '0000-00-00 00:00:00'),
(223, 2, 32, '2016-07-29', 29, 7, 2016, 1, 1, '2016-07-28 19:26:43', '0000-00-00 00:00:00'),
(224, 2, 32, '2016-07-29', 29, 7, 2016, 1, 1, '2016-07-28 19:27:32', '0000-00-00 00:00:00'),
(225, 17, 51, '2016-07-29', 29, 7, 2016, 1, 1, '2016-07-28 07:30:37', '2016-07-28 19:30:37'),
(226, 0, 32, '2016-07-30', 30, 7, 2016, 1, 1, '2016-07-30 04:55:30', '0000-00-00 00:00:00'),
(227, 1, 32, '2016-07-30', 30, 7, 2016, 1, 1, '2016-07-30 16:59:44', '0000-00-00 00:00:00'),
(228, 2, 32, '2016-07-30', 30, 7, 2016, 1, 1, '2016-07-30 17:00:37', '0000-00-00 00:00:00'),
(229, 3, 32, '2016-07-30', 30, 7, 2016, 1, 1, '2016-07-30 17:00:37', '0000-00-00 00:00:00'),
(230, 0, 36, '2016-07-30', 30, 7, 2016, 2, 1, '2016-07-30 05:32:24', '0000-00-00 00:00:00'),
(231, 1, 36, '2016-07-30', 30, 7, 2016, 1, 1, '2016-07-30 05:32:24', '0000-00-00 00:00:00'),
(232, 2, 36, '2016-07-30', 30, 7, 2016, 2, 1, '2016-07-30 05:32:24', '0000-00-00 00:00:00'),
(233, 3, 36, '2016-07-30', 30, 7, 2016, 1, 1, '2016-07-30 05:32:29', '0000-00-00 00:00:00'),
(234, 4, 36, '2016-07-30', 30, 7, 2016, 1, 1, '2016-07-30 05:32:29', '0000-00-00 00:00:00'),
(235, 5, 36, '2016-07-30', 30, 7, 2016, 2, 1, '2016-07-30 05:32:29', '0000-00-00 00:00:00'),
(236, 6, 36, '2016-07-30', 30, 7, 2016, 2, 1, '2016-07-30 05:33:54', '0000-00-00 00:00:00'),
(237, 7, 36, '2016-07-30', 30, 7, 2016, 1, 1, '2016-07-30 05:33:54', '0000-00-00 00:00:00'),
(238, 8, 36, '2016-07-30', 30, 7, 2016, 2, 1, '2016-07-30 05:33:54', '0000-00-00 00:00:00'),
(239, 9, 36, '2016-07-30', 30, 7, 2016, 2, 1, '2016-07-30 05:34:33', '0000-00-00 00:00:00'),
(240, 10, 36, '2016-07-30', 30, 7, 2016, 1, 1, '2016-07-30 05:34:33', '0000-00-00 00:00:00'),
(241, 11, 36, '2016-07-30', 30, 7, 2016, 2, 1, '2016-07-30 05:34:33', '0000-00-00 00:00:00'),
(242, 0, 33, '2016-07-30', 30, 7, 2016, 1, 1, '2016-07-30 05:39:25', '2016-07-30 17:39:25'),
(243, 1, 33, '2016-07-30', 30, 7, 2016, 1, 1, '2016-07-30 05:39:25', '2016-07-30 17:39:25'),
(244, 2, 33, '2016-07-30', 30, 7, 2016, 1, 1, '2016-07-30 05:39:25', '2016-07-30 17:39:25'),
(245, 3, 33, '2016-07-30', 30, 7, 2016, 1, 1, '2016-07-30 05:39:25', '2016-07-30 17:39:25'),
(246, 0, 52, '2016-07-30', 30, 7, 2016, 2, 1, '2016-07-30 05:40:21', '0000-00-00 00:00:00'),
(247, 1, 52, '2016-07-30', 30, 7, 2016, 3, 1, '2016-07-30 05:40:21', '0000-00-00 00:00:00'),
(248, 2, 52, '2016-07-30', 30, 7, 2016, 3, 1, '2016-07-30 05:40:21', '0000-00-00 00:00:00'),
(249, 3, 52, '2016-07-30', 30, 7, 2016, 1, 1, '2016-07-30 05:40:21', '0000-00-00 00:00:00'),
(250, 4, 52, '2016-07-30', 30, 7, 2016, 1, 1, '2016-07-30 05:40:21', '0000-00-00 00:00:00'),
(251, 5, 52, '2016-07-30', 30, 7, 2016, 1, 1, '2016-07-30 05:40:21', '0000-00-00 00:00:00'),
(252, 6, 52, '2016-07-30', 30, 7, 2016, 1, 1, '2016-07-30 05:40:21', '0000-00-00 00:00:00'),
(253, 7, 52, '2016-07-30', 30, 7, 2016, 1, 1, '2016-07-30 05:40:55', '0000-00-00 00:00:00'),
(254, 8, 52, '2016-07-30', 30, 7, 2016, 2, 1, '2016-07-30 05:40:55', '0000-00-00 00:00:00'),
(255, 9, 52, '2016-07-30', 30, 7, 2016, 3, 1, '2016-07-30 05:40:55', '0000-00-00 00:00:00'),
(256, 10, 52, '2016-07-30', 30, 7, 2016, 2, 1, '2016-07-30 05:40:55', '0000-00-00 00:00:00'),
(257, 11, 52, '2016-07-30', 30, 7, 2016, 1, 1, '2016-07-30 05:40:55', '0000-00-00 00:00:00'),
(258, 12, 52, '2016-07-30', 30, 7, 2016, 1, 1, '2016-07-30 05:40:55', '0000-00-00 00:00:00'),
(259, 13, 52, '2016-07-30', 30, 7, 2016, 1, 1, '2016-07-30 05:40:55', '0000-00-00 00:00:00'),
(260, 0, 53, '2016-07-30', 30, 7, 2016, 2, 1, '2016-07-30 05:45:45', '0000-00-00 00:00:00'),
(261, 1, 53, '2016-07-30', 30, 7, 2016, 1, 1, '2016-07-30 05:45:45', '0000-00-00 00:00:00'),
(262, 2, 53, '2016-07-30', 30, 7, 2016, 2, 1, '2016-07-30 05:45:45', '0000-00-00 00:00:00'),
(263, 3, 53, '2016-07-30', 30, 7, 2016, 3, 1, '2016-07-30 05:45:45', '0000-00-00 00:00:00'),
(264, 0, 53, '2016-07-30', 30, 7, 2016, 2, 1, '2016-07-30 18:21:47', '0000-00-00 00:00:00'),
(265, 0, 53, '2016-07-30', 30, 7, 2016, 0, 1, '2016-07-30 18:21:47', '0000-00-00 00:00:00'),
(266, 0, 53, '2016-07-30', 30, 7, 2016, 1, 1, '2016-07-30 18:21:47', '0000-00-00 00:00:00'),
(267, 1, 53, '2016-07-30', 30, 7, 2016, 0, 1, '2016-07-30 18:21:47', '0000-00-00 00:00:00'),
(268, 0, 53, '2016-07-30', 30, 7, 2016, 2, 1, '2016-07-30 18:21:47', '0000-00-00 00:00:00'),
(269, 2, 53, '2016-07-30', 30, 7, 2016, 0, 1, '2016-07-30 18:21:47', '0000-00-00 00:00:00'),
(270, 3, 53, '2016-07-30', 30, 7, 2016, 0, 1, '2016-07-30 18:21:47', '0000-00-00 00:00:00'),
(271, 2, 32, '2016-07-31', 31, 7, 2016, 2, 1, '2016-07-30 06:40:10', '0000-00-00 00:00:00'),
(272, 6, 32, '2016-07-31', 31, 7, 2016, 2, 1, '2016-07-30 06:40:10', '0000-00-00 00:00:00'),
(273, 7, 32, '2016-07-31', 31, 7, 2016, 3, 1, '2016-07-30 06:40:10', '0000-00-00 00:00:00'),
(274, 8, 32, '2016-07-31', 31, 7, 2016, 3, 1, '2016-07-30 06:40:10', '0000-00-00 00:00:00'),
(275, 0, 32, '2016-07-31', 31, 7, 2016, 2, 1, '2016-07-30 19:20:29', '0000-00-00 00:00:00'),
(276, 0, 32, '2016-07-31', 31, 7, 2016, 2, 1, '2016-07-30 19:20:29', '0000-00-00 00:00:00'),
(277, 0, 32, '2016-07-31', 31, 7, 2016, 2, 1, '2016-07-30 19:20:29', '0000-00-00 00:00:00'),
(278, 1, 32, '2016-07-31', 31, 7, 2016, 0, 1, '2016-07-30 19:20:29', '0000-00-00 00:00:00'),
(279, 2, 32, '2016-07-31', 31, 7, 2016, 0, 1, '2016-07-30 19:20:29', '0000-00-00 00:00:00'),
(280, 3, 32, '2016-07-31', 31, 7, 2016, 0, 1, '2016-07-30 19:20:29', '0000-00-00 00:00:00'),
(281, 0, 32, '2016-07-31', 31, 7, 2016, 2, 1, '2016-07-30 19:20:40', '0000-00-00 00:00:00'),
(282, 0, 32, '2016-07-31', 31, 7, 2016, 0, 1, '2016-07-30 19:20:40', '0000-00-00 00:00:00'),
(283, 0, 32, '2016-07-31', 31, 7, 2016, 2, 1, '2016-07-30 19:20:40', '0000-00-00 00:00:00'),
(284, 1, 32, '2016-07-31', 31, 7, 2016, 0, 1, '2016-07-30 19:20:40', '0000-00-00 00:00:00'),
(285, 2, 32, '2016-07-31', 31, 7, 2016, 0, 1, '2016-07-30 19:20:40', '0000-00-00 00:00:00'),
(286, 3, 32, '2016-07-31', 31, 7, 2016, 0, 1, '2016-07-30 19:20:40', '0000-00-00 00:00:00'),
(287, 0, 32, '2016-07-31', 31, 7, 2016, 1, 1, '2016-07-30 19:21:09', '0000-00-00 00:00:00'),
(288, 0, 32, '2016-07-31', 31, 7, 2016, 0, 1, '2016-07-30 19:21:09', '0000-00-00 00:00:00'),
(289, 0, 32, '2016-07-31', 31, 7, 2016, 1, 1, '2016-07-30 19:21:09', '0000-00-00 00:00:00'),
(290, 1, 32, '2016-07-31', 31, 7, 2016, 0, 1, '2016-07-30 19:21:09', '0000-00-00 00:00:00'),
(291, 0, 32, '2016-07-31', 31, 7, 2016, 1, 1, '2016-07-30 19:21:09', '0000-00-00 00:00:00'),
(292, 2, 32, '2016-07-31', 31, 7, 2016, 0, 1, '2016-07-30 19:21:09', '0000-00-00 00:00:00'),
(293, 0, 32, '2016-07-31', 31, 7, 2016, 1, 1, '2016-07-30 19:21:09', '0000-00-00 00:00:00'),
(294, 3, 32, '2016-07-31', 31, 7, 2016, 0, 1, '2016-07-30 19:21:09', '0000-00-00 00:00:00'),
(295, 0, 32, '2016-07-31', 31, 7, 2016, 1, 1, '2016-07-30 19:21:09', '0000-00-00 00:00:00'),
(296, 4, 32, '2016-07-31', 31, 7, 2016, 0, 1, '2016-07-30 19:21:09', '0000-00-00 00:00:00'),
(297, 5, 32, '2016-07-31', 31, 7, 2016, 0, 1, '2016-07-30 19:21:09', '0000-00-00 00:00:00'),
(298, 0, 32, '2016-07-31', 31, 7, 2016, 2, 1, '2016-07-30 19:21:09', '0000-00-00 00:00:00'),
(299, 6, 32, '2016-07-31', 31, 7, 2016, 0, 1, '2016-07-30 19:21:09', '0000-00-00 00:00:00'),
(300, 7, 32, '2016-07-31', 31, 7, 2016, 0, 1, '2016-07-30 19:21:09', '0000-00-00 00:00:00'),
(301, 8, 32, '2016-07-31', 31, 7, 2016, 0, 1, '2016-07-30 19:21:09', '0000-00-00 00:00:00'),
(302, 9, 32, '2016-07-31', 31, 7, 2016, 0, 1, '2016-07-30 19:21:09', '0000-00-00 00:00:00'),
(303, 0, 32, '2016-07-31', 31, 7, 2016, 2, 1, '2016-07-30 19:21:09', '0000-00-00 00:00:00'),
(304, 10, 32, '2016-07-31', 31, 7, 2016, 0, 1, '2016-07-30 19:21:09', '0000-00-00 00:00:00'),
(305, 11, 32, '2016-07-31', 31, 7, 2016, 0, 1, '2016-07-30 19:21:09', '0000-00-00 00:00:00'),
(306, 0, 32, '2016-07-31', 31, 7, 2016, 2, 1, '2016-07-30 19:21:09', '0000-00-00 00:00:00'),
(307, 12, 32, '2016-07-31', 31, 7, 2016, 0, 1, '2016-07-30 19:21:09', '0000-00-00 00:00:00'),
(308, 13, 32, '2016-07-31', 31, 7, 2016, 0, 1, '2016-07-30 19:21:09', '0000-00-00 00:00:00'),
(309, 14, 32, '2016-07-31', 31, 7, 2016, 0, 1, '2016-07-30 19:21:09', '0000-00-00 00:00:00'),
(310, 15, 32, '2016-07-31', 31, 7, 2016, 0, 1, '2016-07-30 19:21:09', '0000-00-00 00:00:00'),
(311, 0, 33, '2016-07-31', 31, 7, 2016, 1, 1, '2016-07-30 07:28:58', '0000-00-00 00:00:00'),
(312, 1, 33, '2016-07-31', 31, 7, 2016, 3, 1, '2016-07-30 07:28:58', '0000-00-00 00:00:00'),
(313, 2, 33, '2016-07-31', 31, 7, 2016, 3, 1, '2016-07-30 07:28:58', '0000-00-00 00:00:00'),
(314, 3, 33, '2016-07-31', 31, 7, 2016, 2, 1, '2016-07-30 07:28:58', '0000-00-00 00:00:00'),
(315, 4, 33, '2016-07-31', 31, 7, 2016, 1, 1, '2016-07-30 07:28:58', '0000-00-00 00:00:00'),
(316, 5, 33, '2016-07-31', 31, 7, 2016, 0, 1, '2016-07-30 07:28:58', '0000-00-00 00:00:00'),
(317, 6, 33, '2016-07-31', 31, 7, 2016, 1, 1, '2016-07-30 07:28:58', '0000-00-00 00:00:00'),
(318, 7, 33, '2016-07-31', 31, 7, 2016, 0, 1, '2016-07-30 07:28:58', '0000-00-00 00:00:00'),
(319, 28, 53, '2016-07-31', 31, 7, 2016, 3, 1, '2016-07-30 07:37:53', '0000-00-00 00:00:00'),
(320, 29, 53, '2016-07-31', 31, 7, 2016, 1, 1, '2016-07-30 07:37:53', '0000-00-00 00:00:00'),
(321, 30, 53, '2016-07-31', 31, 7, 2016, 3, 1, '2016-07-30 07:37:53', '0000-00-00 00:00:00'),
(322, 31, 53, '2016-07-31', 31, 7, 2016, 1, 1, '2016-07-30 07:37:53', '0000-00-00 00:00:00'),
(323, 2, 32, '2016-08-03', 3, 8, 2016, 1, 1, '2016-08-03 04:34:32', '2016-08-03 16:34:32'),
(324, 6, 32, '2016-08-03', 3, 8, 2016, 2, 1, '2016-08-03 04:34:32', '2016-08-03 16:34:32'),
(325, 7, 32, '2016-08-03', 3, 8, 2016, 3, 1, '2016-08-03 04:34:32', '2016-08-03 16:34:32'),
(326, 8, 32, '2016-08-03', 3, 8, 2016, 1, 1, '2016-08-03 04:34:32', '2016-08-03 16:34:32'),
(327, 2, 32, '2016-08-28', 28, 8, 2016, 1, 1, '2016-08-28 06:58:17', '2016-08-28 06:58:17'),
(328, 6, 32, '2016-08-28', 28, 8, 2016, 3, 1, '2016-08-28 06:58:17', '2016-08-28 06:58:17'),
(329, 7, 32, '2016-08-28', 28, 8, 2016, 1, 1, '2016-08-28 06:58:17', '2016-08-28 06:58:17'),
(330, 8, 32, '2016-08-28', 28, 8, 2016, 2, 1, '2016-08-28 06:58:17', '2016-08-28 06:58:17'),
(331, 2, 32, '2016-09-06', 6, 9, 2016, 3, 1, '2016-09-06 04:02:51', '2016-09-06 16:02:51'),
(332, 6, 32, '2016-09-06', 6, 9, 2016, 1, 1, '2016-09-06 04:02:51', '2016-09-06 16:02:51'),
(333, 7, 32, '2016-09-06', 6, 9, 2016, 1, 1, '2016-09-06 04:02:51', '2016-09-06 16:02:51'),
(334, 8, 32, '2016-09-06', 6, 9, 2016, 1, 1, '2016-09-06 04:02:51', '2016-09-06 16:02:51'),
(335, 2, 32, '2016-09-06', 6, 9, 2016, 3, 1, '2016-09-06 04:02:58', '2016-09-06 16:02:58'),
(336, 6, 32, '2016-09-06', 6, 9, 2016, 1, 1, '2016-09-06 04:02:58', '2016-09-06 16:02:58'),
(337, 7, 32, '2016-09-06', 6, 9, 2016, 3, 1, '2016-09-06 04:02:58', '2016-09-06 16:02:58'),
(338, 8, 32, '2016-09-06', 6, 9, 2016, 1, 1, '2016-09-06 04:02:58', '2016-09-06 16:02:58'),
(339, 2, 32, '2016-09-08', 8, 9, 2016, 1, 1, '2016-09-08 03:57:23', '2016-09-08 15:57:23'),
(340, 6, 32, '2016-09-08', 8, 9, 2016, 2, 1, '2016-09-08 03:57:23', '2016-09-08 15:57:23'),
(341, 7, 32, '2016-09-08', 8, 9, 2016, 1, 1, '2016-09-08 03:57:23', '2016-09-08 15:57:23'),
(342, 8, 32, '2016-09-08', 8, 9, 2016, 1, 1, '2016-09-08 03:57:23', '2016-09-08 15:57:23'),
(343, 2, 32, '2016-09-09', 9, 9, 2016, 1, 1, '2016-09-09 10:32:29', '2016-09-09 22:32:29'),
(344, 6, 32, '2016-09-09', 9, 9, 2016, 2, 1, '2016-09-09 10:32:29', '2016-09-09 22:32:29'),
(345, 7, 32, '2016-09-09', 9, 9, 2016, 3, 1, '2016-09-09 10:32:29', '2016-09-09 22:32:29'),
(346, 8, 32, '2016-09-09', 9, 9, 2016, 1, 1, '2016-09-09 10:32:29', '2016-09-09 22:32:29'),
(347, 2, 32, '2016-09-10', 10, 9, 2016, 3, 1, '2016-09-10 02:49:06', '0000-00-00 00:00:00'),
(348, 6, 32, '2016-09-10', 10, 9, 2016, 1, 1, '2016-09-10 02:49:06', '0000-00-00 00:00:00'),
(349, 7, 32, '2016-09-10', 10, 9, 2016, 1, 1, '2016-09-10 02:49:06', '0000-00-00 00:00:00'),
(350, 8, 32, '2016-09-10', 10, 9, 2016, 1, 1, '2016-09-10 02:49:06', '0000-00-00 00:00:00'),
(351, 2, 32, '2016-09-10', 10, 9, 2016, 1, 1, '2016-09-10 02:53:23', '0000-00-00 00:00:00'),
(352, 6, 32, '2016-09-10', 10, 9, 2016, 2, 1, '2016-09-10 02:53:23', '0000-00-00 00:00:00'),
(353, 7, 32, '2016-09-10', 10, 9, 2016, 1, 1, '2016-09-10 02:53:23', '0000-00-00 00:00:00'),
(354, 8, 32, '2016-09-10', 10, 9, 2016, 3, 1, '2016-09-10 02:53:23', '0000-00-00 00:00:00');

-- --------------------------------------------------------

--
-- Table structure for table `attendence_statuses`
--

CREATE TABLE IF NOT EXISTS `attendence_statuses` (
  `id` int(11) NOT NULL AUTO_INCREMENT,
  `type` varchar(255) NOT NULL,
  `status` tinyint(1) NOT NULL DEFAULT '1',
  PRIMARY KEY (`id`)
) ENGINE=InnoDB  DEFAULT CHARSET=latin1 AUTO_INCREMENT=4 ;

--
-- Dumping data for table `attendence_statuses`
--

INSERT INTO `attendence_statuses` (`id`, `type`, `status`) VALUES
(1, 'Present', 1),
(2, 'Absent', 1),
(3, 'Absent with permission', 1);

-- --------------------------------------------------------

--
-- Table structure for table `cake_sessions`
--

CREATE TABLE IF NOT EXISTS `cake_sessions` (
  `id` varchar(255) NOT NULL,
  `data` text NOT NULL,
  `expires` int(11) NOT NULL,
  PRIMARY KEY (`id`)
) ENGINE=InnoDB DEFAULT CHARSET=latin1;

--
-- Dumping data for table `cake_sessions`
--

INSERT INTO `cake_sessions` (`id`, `data`, `expires`) VALUES
('02q2adp1qu7hsirnaj32s0s1e6', 'Config|a:3:{s:9:"userAgent";s:32:"14d769e3341290e33266a79e8a02ea26";s:4:"time";i:1460673707;s:9:"countdown";i:10;}_Token|a:5:{s:3:"key";s:40:"f092bef3d3044d40cb1e0d1ef8dafca22b271ae7";s:18:"allowedControllers";a:0:{}s:14:"allowedActions";a:0:{}s:14:"unlockedFields";a:0:{}s:10:"csrfTokens";a:2:{s:40:"0f626814b57da073a23d110c0f6a39dc12dd1c4f";i:1460660915;s:40:"f092bef3d3044d40cb1e0d1ef8dafca22b271ae7";i:1460661107;}}', 1460659307),
('17m71pgje0vm4obo60no62il46', 'Config|a:3:{s:9:"userAgent";s:32:"e5446464fad0281ffd99ad8044e74d5a";s:4:"time";i:1460756823;s:9:"countdown";i:10;}_Token|a:5:{s:3:"key";s:40:"288d3195f8bb0c0c6cfeb975fc00154b8bfc6e10";s:18:"allowedControllers";a:0:{}s:14:"allowedActions";a:0:{}s:14:"unlockedFields";a:0:{}s:10:"csrfTokens";a:1:{s:40:"288d3195f8bb0c0c6cfeb975fc00154b8bfc6e10";i:1460744223;}}', 1460742423),
('1aos4ikc50vqb0459icp6g1hr4', 'Config|a:3:{s:9:"userAgent";s:32:"14d769e3341290e33266a79e8a02ea26";s:4:"time";i:1461536583;s:9:"countdown";i:10;}Message|a:1:{s:4:"auth";a:3:{s:7:"message";s:47:"You are not authorized to access that location.";s:7:"element";s:7:"default";s:6:"params";a:0:{}}}Auth|a:1:{s:8:"redirect";s:75:"/client/request_examinationslist/teacherid:4/classid:1/schoolid:1/year:2016";}', 1461522183),
('21uj4fmrg3p58a1lro6q84dnm2', 'Config|a:3:{s:9:"userAgent";s:32:"580169f87ce452dfd8e4a7a9598fe48d";s:4:"time";i:1459534855;s:9:"countdown";i:10;}_Token|a:5:{s:3:"key";s:40:"9ea1afab2c0622cfbecccaab2328073def4d998c";s:18:"allowedControllers";a:0:{}s:14:"allowedActions";a:0:{}s:14:"unlockedFields";a:0:{}s:10:"csrfTokens";a:1:{s:40:"9ea1afab2c0622cfbecccaab2328073def4d998c";i:1459522258;}}', 1459520458),
('27gkah24ept5ff2k0shmg0s5k3', 'Config|a:3:{s:9:"userAgent";s:32:"e5446464fad0281ffd99ad8044e74d5a";s:4:"time";i:1460756856;s:9:"countdown";i:10;}_Token|a:5:{s:3:"key";s:40:"d5bb48282c9f0d1207526bcf551841d39d655d50";s:18:"allowedControllers";a:0:{}s:14:"allowedActions";a:0:{}s:14:"unlockedFields";a:0:{}s:10:"csrfTokens";a:1:{s:40:"d5bb48282c9f0d1207526bcf551841d39d655d50";i:1460744256;}}', 1460742456),
('2psn9tnspsomkq9qvrgkg4bv27', 'Config|a:3:{s:9:"userAgent";s:32:"14d769e3341290e33266a79e8a02ea26";s:4:"time";i:1459535759;s:9:"countdown";i:10;}_Token|a:5:{s:3:"key";s:40:"4d9cc581daa1054974205574e8e54871e33e6d54";s:18:"allowedControllers";a:0:{}s:14:"allowedActions";a:0:{}s:14:"unlockedFields";a:0:{}s:10:"csrfTokens";a:16:{s:40:"777aae6ef63f8371d512a24a39ef0fbf415bc64d";i:1459521902;s:40:"21b427ff68b6050a683f30b69d347408dc7ecf2a";i:1459521931;s:40:"c5af9e8e4a9fcc29d6a5b27cf27390ba9f2f54a2";i:1459521959;s:40:"ddebe78fc5bb3fa4e241f7275c751a5ea07a383e";i:1459521994;s:40:"8ebfe41d1444552c5343c8ed85d849ce930758ad";i:1459522050;s:40:"cb872118223ea4a9da5cc7bfdc00b76bc5096b20";i:1459522224;s:40:"7cce3a0954e757e193d8e2caeb1d10bcdac8256d";i:1459522255;s:40:"9b7184b0a0a68fae990f01793fcb61cc44ba2b73";i:1459522327;s:40:"8ba959fd89fb7cc7efc4f7d505952299bc532e22";i:1459522381;s:40:"5a5497525b0e9014af756c33fe2a70a0f6c60d02";i:1459522394;s:40:"50f58c22464757a2e7694b9df739f9097e1a788e";i:1459522502;s:40:"17d57fd4985be982ad00675f45ef655d5302f6c3";i:1459522676;s:40:"8e454dabe07b7fc788408e4d355b9b97915750b2";i:1459522693;s:40:"3171ad9cac512d2a990a8f328ef658ce311176e2";i:1459522963;s:40:"2320ca26ac9a826fef5f0a0f49ece88d4d094b2c";i:1459522996;s:40:"4d9cc581daa1054974205574e8e54871e33e6d54";i:1459523162;}}Message|a:1:{s:4:"auth";a:3:{s:7:"message";s:47:"You are not authorized to access that location.";s:7:"element";s:7:"default";s:6:"params";a:0:{}}}Auth|a:1:{s:8:"redirect";s:21:"/client/request_index";}', 1459521364),
('2rg0t7aelvlbukvr688fra4n85', 'Config|a:3:{s:9:"userAgent";s:32:"580169f87ce452dfd8e4a7a9598fe48d";s:4:"time";i:1463230542;s:9:"countdown";i:10;}Message|a:1:{s:4:"auth";a:3:{s:7:"message";s:47:"You are not authorized to access that location.";s:7:"element";s:7:"default";s:6:"params";a:0:{}}}Auth|a:1:{s:8:"redirect";s:157:"/users/testnotification.json?deviceid=APA91bHzTh1grqc5qrLBkmbhYd2gBQv0-XgHFKCIRTwBRS76dhz3GD4uGJ53rl-OZMNBKTW5tXnvvfjJwPdwYYerZXjNxemLF6lRpMTQ7Ku9-mdFTDmQ1Mo";}', 1463216142),
('3844ejcpttarcfcsl2i225kll5', 'Config|a:3:{s:9:"userAgent";s:32:"e5446464fad0281ffd99ad8044e74d5a";s:4:"time";i:1460756966;s:9:"countdown";i:10;}_Token|a:5:{s:3:"key";s:40:"ee35bab3c9c534fc35ee3438bf4873a2b4e1f29a";s:18:"allowedControllers";a:0:{}s:14:"allowedActions";a:0:{}s:14:"unlockedFields";a:0:{}s:10:"csrfTokens";a:1:{s:40:"ee35bab3c9c534fc35ee3438bf4873a2b4e1f29a";i:1460744366;}}', 1460742567),
('3gf3al8v7s8pig56kf684p7rh7', 'Config|a:3:{s:9:"userAgent";s:32:"bd4081eb84b69b19f0fe1798528e2f7f";s:4:"time";i:1460974679;s:9:"countdown";i:10;}_Token|a:5:{s:3:"key";s:40:"f75806759fdd61af476cb92f39652ae58baa2239";s:18:"allowedControllers";a:0:{}s:14:"allowedActions";a:0:{}s:14:"unlockedFields";a:0:{}s:10:"csrfTokens";a:1:{s:40:"f75806759fdd61af476cb92f39652ae58baa2239";i:1460962079;}}', 1460960279),
('3qeqrm33rq397jhlfu62l4ocl5', 'Config|a:3:{s:9:"userAgent";s:32:"e5446464fad0281ffd99ad8044e74d5a";s:4:"time";i:1460675081;s:9:"countdown";i:10;}_Token|a:5:{s:3:"key";s:40:"26c56754491b20df83ccd4ef6141ff8cf6772bdb";s:18:"allowedControllers";a:0:{}s:14:"allowedActions";a:0:{}s:14:"unlockedFields";a:0:{}s:10:"csrfTokens";a:1:{s:40:"26c56754491b20df83ccd4ef6141ff8cf6772bdb";i:1460662481;}}', 1460660681),
('3vt2f28garecf9fl9fucof9es1', 'Config|a:3:{s:9:"userAgent";s:32:"580169f87ce452dfd8e4a7a9598fe48d";s:4:"time";i:1463090320;s:9:"countdown";i:10;}Message|a:1:{s:4:"auth";a:3:{s:7:"message";s:47:"You are not authorized to access that location.";s:7:"element";s:7:"default";s:6:"params";a:0:{}}}Auth|a:1:{s:8:"redirect";s:157:"/users/testnotification.json?deviceid=APA91bHzTh1grqc5qrLBkmbhYd2gBQv0-XgHFKCIRTwBRS76dhz3GD4uGJ53rl-OZMNBKTW5tXnvvfjJwPdwYYerZXjNxemLF6lRpMTQ7Ku9-mdFTDmQ1Mo";}', 1463075920),
('41iledc42911np8f7nherlblr1', 'Config|a:3:{s:9:"userAgent";s:32:"e5446464fad0281ffd99ad8044e74d5a";s:4:"time";i:1460673769;s:9:"countdown";i:10;}_Token|a:5:{s:3:"key";s:40:"bf7ead9419e26583c093c12222093691d155da19";s:18:"allowedControllers";a:0:{}s:14:"allowedActions";a:0:{}s:14:"unlockedFields";a:0:{}s:10:"csrfTokens";a:1:{s:40:"bf7ead9419e26583c093c12222093691d155da19";i:1460661169;}}', 1460659369),
('4d3e8sredgdal5663tea7akdh0', 'Config|a:3:{s:9:"userAgent";s:32:"580169f87ce452dfd8e4a7a9598fe48d";s:4:"time";i:1459534927;s:9:"countdown";i:10;}Message|a:1:{s:4:"auth";a:3:{s:7:"message";s:47:"You are not authorized to access that location.";s:7:"element";s:7:"default";s:6:"params";a:0:{}}}Auth|a:1:{s:8:"redirect";s:11:"/users.json";}', 1459520530),
('534emteh7p824uaviq64gb1n24', 'Config|a:3:{s:9:"userAgent";s:32:"580169f87ce452dfd8e4a7a9598fe48d";s:4:"time";i:1463086333;s:9:"countdown";i:10;}Message|a:1:{s:4:"auth";a:3:{s:7:"message";s:47:"You are not authorized to access that location.";s:7:"element";s:7:"default";s:6:"params";a:0:{}}}Auth|a:1:{s:8:"redirect";s:157:"/users/testnotification.json?deviceid=APA91bHzTh1grqc5qrLBkmbhYd2gBQv0-XgHFKCIRTwBRS76dhz3GD4uGJ53rl-OZMNBKTW5tXnvvfjJwPdwYYerZXjNxemLF6lRpMTQ7Ku9-mdFTDmQ1Mo";}', 1463071933),
('5jp8vdq8vd5frdg3hh8v06sah4', 'Config|a:3:{s:9:"userAgent";s:32:"bd4081eb84b69b19f0fe1798528e2f7f";s:4:"time";i:1460852378;s:9:"countdown";i:10;}_Token|a:5:{s:3:"key";s:40:"710912b755879ec7785f2adf4d19bab77537d625";s:18:"allowedControllers";a:0:{}s:14:"allowedActions";a:0:{}s:14:"unlockedFields";a:0:{}s:10:"csrfTokens";a:1:{s:40:"710912b755879ec7785f2adf4d19bab77537d625";i:1460839778;}}', 1460837978),
('5snf507v7eoglktkai2550qa34', 'Config|a:3:{s:9:"userAgent";s:32:"580169f87ce452dfd8e4a7a9598fe48d";s:4:"time";i:1461674464;s:9:"countdown";i:10;}Message|a:1:{s:4:"auth";a:3:{s:7:"message";s:47:"You are not authorized to access that location.";s:7:"element";s:7:"default";s:6:"params";a:0:{}}}Auth|a:1:{s:8:"redirect";s:63:"/users/attendencelistbyteacher.json?teacherid=4&date=26-04-2016";}', 1461660064),
('60du36lcq4mi8fht0e5rkdeos4', 'Config|a:3:{s:9:"userAgent";s:32:"e5446464fad0281ffd99ad8044e74d5a";s:4:"time";i:1460679713;s:9:"countdown";i:10;}_Token|a:5:{s:3:"key";s:40:"31ba6ef303dfa256f2ca81d997e78a33dd0da582";s:18:"allowedControllers";a:0:{}s:14:"allowedActions";a:0:{}s:14:"unlockedFields";a:0:{}s:10:"csrfTokens";a:1:{s:40:"31ba6ef303dfa256f2ca81d997e78a33dd0da582";i:1460667113;}}', 1460665313),
('68kmgm19nlgbugq31boiahogi6', 'Config|a:3:{s:9:"userAgent";s:32:"e5446464fad0281ffd99ad8044e74d5a";s:4:"time";i:1460678185;s:9:"countdown";i:10;}_Token|a:5:{s:3:"key";s:40:"f6cddd90068420359c6d6dc738f741ca5403f2e3";s:18:"allowedControllers";a:0:{}s:14:"allowedActions";a:0:{}s:14:"unlockedFields";a:0:{}s:10:"csrfTokens";a:1:{s:40:"f6cddd90068420359c6d6dc738f741ca5403f2e3";i:1460665585;}}', 1460663786),
('68st2ulcc7df77van2chc4g4l2', 'Config|a:3:{s:9:"userAgent";s:32:"580169f87ce452dfd8e4a7a9598fe48d";s:4:"time";i:1461616377;s:9:"countdown";i:10;}Message|a:1:{s:4:"auth";a:3:{s:7:"message";s:47:"You are not authorized to access that location.";s:7:"element";s:7:"default";s:6:"params";a:0:{}}}Auth|a:1:{s:8:"redirect";s:63:"/users/attendencelistbyteacher.json?teacherid=4&date=2016-04-25";}', 1461601977),
('6e9rgocs7050634oji7m8tr4q3', 'Config|a:3:{s:9:"userAgent";s:32:"14d769e3341290e33266a79e8a02ea26";s:4:"time";i:1461674852;s:9:"countdown";i:10;}Message|a:1:{s:4:"auth";a:3:{s:7:"message";s:47:"You are not authorized to access that location.";s:7:"element";s:7:"default";s:6:"params";a:0:{}}}Auth|a:1:{s:8:"redirect";s:58:"/users/attendencelistbyteacher?teacherid=4&date=26-04-2016";}', 1461660452),
('6ee9nht5q8cquovjmru2cn9ap7', 'Config|a:3:{s:9:"userAgent";s:32:"5610e6db3f8a66a89b14a41aefd8d0b5";s:4:"time";i:1460649721;s:9:"countdown";i:10;}_Token|a:5:{s:3:"key";s:40:"58d32dfbcbe93dba4448ce15ab569c3e16234a58";s:18:"allowedControllers";a:0:{}s:14:"allowedActions";a:0:{}s:14:"unlockedFields";a:0:{}s:10:"csrfTokens";a:1:{s:40:"58d32dfbcbe93dba4448ce15ab569c3e16234a58";i:1460637122;}}', 1460635322),
('71cv2r963m2s0b5perdaidaig7', 'Config|a:3:{s:9:"userAgent";s:32:"580169f87ce452dfd8e4a7a9598fe48d";s:4:"time";i:1461616466;s:9:"countdown";i:10;}Message|a:1:{s:4:"auth";a:3:{s:7:"message";s:47:"You are not authorized to access that location.";s:7:"element";s:7:"default";s:6:"params";a:0:{}}}Auth|a:1:{s:8:"redirect";s:63:"/users/attendencelistbyteacher.json?teacherid=4&date=2016-04-25";}', 1461602066),
('7jm29ncssv1fogokrshds3s667', 'Config|a:3:{s:9:"userAgent";s:32:"e5446464fad0281ffd99ad8044e74d5a";s:4:"time";i:1460677675;s:9:"countdown";i:10;}_Token|a:5:{s:3:"key";s:40:"78af84077cfc68d2858f01a13b6e6e51893dc9dc";s:18:"allowedControllers";a:0:{}s:14:"allowedActions";a:0:{}s:14:"unlockedFields";a:0:{}s:10:"csrfTokens";a:1:{s:40:"78af84077cfc68d2858f01a13b6e6e51893dc9dc";i:1460665075;}}', 1460663275),
('7qqeed3kd4mb6upqfd4iuj3d27', 'Config|a:3:{s:9:"userAgent";s:32:"580169f87ce452dfd8e4a7a9598fe48d";s:4:"time";i:1459534594;s:9:"countdown";i:10;}_Token|a:5:{s:3:"key";s:40:"d5704e83792a1947a0d1437796169e4d934cd8b1";s:18:"allowedControllers";a:0:{}s:14:"allowedActions";a:0:{}s:14:"unlockedFields";a:0:{}s:10:"csrfTokens";a:1:{s:40:"d5704e83792a1947a0d1437796169e4d934cd8b1";i:1459521997;}}', 1459520197),
('8ddm3shuujbuqrfhjqfln9jal7', 'Config|a:3:{s:9:"userAgent";s:32:"e5446464fad0281ffd99ad8044e74d5a";s:4:"time";i:1460674324;s:9:"countdown";i:10;}_Token|a:5:{s:3:"key";s:40:"59a0df2bbd4cb89e459b770637177405a9bb6e83";s:18:"allowedControllers";a:0:{}s:14:"allowedActions";a:0:{}s:14:"unlockedFields";a:0:{}s:10:"csrfTokens";a:1:{s:40:"59a0df2bbd4cb89e459b770637177405a9bb6e83";i:1460661724;}}', 1460659924),
('8deh38jigav0b8tbkdmp81hnl7', 'Config|a:3:{s:9:"userAgent";s:32:"e5446464fad0281ffd99ad8044e74d5a";s:4:"time";i:1460675454;s:9:"countdown";i:10;}_Token|a:5:{s:3:"key";s:40:"492c743b5b2ef500ca9fa5f5c1210a5dff92019c";s:18:"allowedControllers";a:0:{}s:14:"allowedActions";a:0:{}s:14:"unlockedFields";a:0:{}s:10:"csrfTokens";a:1:{s:40:"492c743b5b2ef500ca9fa5f5c1210a5dff92019c";i:1460662854;}}', 1460661054),
('96s3i1035mitmi39eee5s4cl61', 'Config|a:3:{s:9:"userAgent";s:32:"580169f87ce452dfd8e4a7a9598fe48d";s:4:"time";i:1459533396;s:9:"countdown";i:10;}Message|a:1:{s:4:"auth";a:3:{s:7:"message";s:47:"You are not authorized to access that location.";s:7:"element";s:7:"default";s:6:"params";a:0:{}}}Auth|a:1:{s:8:"redirect";s:11:"/users.json";}', 1459518999),
('9j7bdqetb2g4lb2dfn1a6rq494', 'Config|a:3:{s:9:"userAgent";s:32:"580169f87ce452dfd8e4a7a9598fe48d";s:4:"time";i:1459534824;s:9:"countdown";i:10;}_Token|a:5:{s:3:"key";s:40:"6016fade930677f56392e7a95c59c89b326824fb";s:18:"allowedControllers";a:0:{}s:14:"allowedActions";a:0:{}s:14:"unlockedFields";a:0:{}s:10:"csrfTokens";a:1:{s:40:"6016fade930677f56392e7a95c59c89b326824fb";i:1459522226;}}', 1459520426),
('9lp5tnobcgpuqf7tvjjk8da2l2', 'Config|a:3:{s:9:"userAgent";s:32:"580169f87ce452dfd8e4a7a9598fe48d";s:4:"time";i:1463090150;s:9:"countdown";i:10;}Message|a:1:{s:4:"auth";a:3:{s:7:"message";s:47:"You are not authorized to access that location.";s:7:"element";s:7:"default";s:6:"params";a:0:{}}}Auth|a:1:{s:8:"redirect";s:157:"/users/testnotification.json?deviceid=APA91bHzTh1grqc5qrLBkmbhYd2gBQv0-XgHFKCIRTwBRS76dhz3GD4uGJ53rl-OZMNBKTW5tXnvvfjJwPdwYYerZXjNxemLF6lRpMTQ7Ku9-mdFTDmQ1Mo";}', 1463075750),
('9t5smuanbq91230l7c01r2dou3', 'Config|a:3:{s:9:"userAgent";s:32:"5610e6db3f8a66a89b14a41aefd8d0b5";s:4:"time";i:1460499120;s:9:"countdown";i:10;}_Token|a:5:{s:3:"key";s:40:"e925757941c204ed1b3b8730e7c4fb6afd79ffbc";s:18:"allowedControllers";a:0:{}s:14:"allowedActions";a:0:{}s:14:"unlockedFields";a:0:{}s:10:"csrfTokens";a:1:{s:40:"e925757941c204ed1b3b8730e7c4fb6afd79ffbc";i:1460486520;}}', 1460484720),
('ade8ju4tkp03mc3bsqbi0stvm2', 'Config|a:3:{s:9:"userAgent";s:32:"580169f87ce452dfd8e4a7a9598fe48d";s:4:"time";i:1460390524;s:9:"countdown";i:10;}Message|a:1:{s:4:"auth";a:3:{s:7:"message";s:47:"You are not authorized to access that location.";s:7:"element";s:7:"default";s:6:"params";a:0:{}}}Auth|a:1:{s:8:"redirect";s:36:"/users/attendence.json?id=1&month=05";}', 1460376124),
('aeqvoi3d8b7frka9cur9o1vee6', 'Config|a:3:{s:9:"userAgent";s:32:"e5446464fad0281ffd99ad8044e74d5a";s:4:"time";i:1460732338;s:9:"countdown";i:10;}_Token|a:5:{s:3:"key";s:40:"e8d7df9b329cd76ba6f0b463f1cb54ec9440a4bd";s:18:"allowedControllers";a:0:{}s:14:"allowedActions";a:0:{}s:14:"unlockedFields";a:0:{}s:10:"csrfTokens";a:1:{s:40:"e8d7df9b329cd76ba6f0b463f1cb54ec9440a4bd";i:1460719738;}}', 1460717940),
('apj8casnoj6uk92va363qo2vf1', 'Config|a:3:{s:9:"userAgent";s:32:"5610e6db3f8a66a89b14a41aefd8d0b5";s:4:"time";i:1460621965;s:9:"countdown";i:10;}_Token|a:5:{s:3:"key";s:40:"c012cd183d3900547b156eb5646ba83018b4f55f";s:18:"allowedControllers";a:0:{}s:14:"allowedActions";a:0:{}s:14:"unlockedFields";a:0:{}s:10:"csrfTokens";a:1:{s:40:"c012cd183d3900547b156eb5646ba83018b4f55f";i:1460609365;}}', 1460607565),
('b2iv2o190dfu7sdb2em06n7c61', 'Config|a:3:{s:9:"userAgent";s:32:"bd4081eb84b69b19f0fe1798528e2f7f";s:4:"time";i:1460400244;s:9:"countdown";i:10;}_Token|a:5:{s:3:"key";s:40:"cc0267373b3ac091642adbe5d2129d5ac6773331";s:18:"allowedControllers";a:0:{}s:14:"allowedActions";a:0:{}s:14:"unlockedFields";a:0:{}s:10:"csrfTokens";a:8:{s:40:"c8d7418e5f81b60898370f40ac6329afb2c32eb5";i:1460386303;s:40:"3467565e1c85dbd07f732e593a8c4399145da082";i:1460386404;s:40:"f25c6b23b5c214db8e393c00dc2aea6f5bf83f4e";i:1460386551;s:40:"331951a21a3c373f9a10abba96d7a0b704d8032f";i:1460386561;s:40:"87b8cbcf9aa6faa0e499bc074317a4a59a2c7f6a";i:1460386616;s:40:"90d4ba22e155c02453faf45c69ae13c970cd16c7";i:1460386956;s:40:"41db009772d8217ff51627aeab8bb9dc1faa4c1d";i:1460387550;s:40:"cc0267373b3ac091642adbe5d2129d5ac6773331";i:1460387644;}}', 1460385844),
('bid33v3s7vto5hlac7b9u1ti57', 'Config|a:3:{s:9:"userAgent";s:32:"e5446464fad0281ffd99ad8044e74d5a";s:4:"time";i:1460678852;s:9:"countdown";i:10;}_Token|a:5:{s:3:"key";s:40:"b6325cf8d916208c8b2cbfd8f0090c723a54f382";s:18:"allowedControllers";a:0:{}s:14:"allowedActions";a:0:{}s:14:"unlockedFields";a:0:{}s:10:"csrfTokens";a:1:{s:40:"b6325cf8d916208c8b2cbfd8f0090c723a54f382";i:1460666252;}}', 1460664452),
('bkdcfs2dp7er3no0eivmgq02e5', 'Config|a:3:{s:9:"userAgent";s:32:"bd4081eb84b69b19f0fe1798528e2f7f";s:4:"time";i:1460995977;s:9:"countdown";i:10;}_Token|a:5:{s:3:"key";s:40:"bf1bdc3f3fbdcfa6e3410a60d987e3e5be1ca966";s:18:"allowedControllers";a:0:{}s:14:"allowedActions";a:0:{}s:14:"unlockedFields";a:0:{}s:10:"csrfTokens";a:1:{s:40:"bf1bdc3f3fbdcfa6e3410a60d987e3e5be1ca966";i:1460983377;}}', 1460981577),
('c42uv6uqesnccnd9lbn94g27l4', 'Config|a:3:{s:9:"userAgent";s:32:"5610e6db3f8a66a89b14a41aefd8d0b5";s:4:"time";i:1460499120;s:9:"countdown";i:10;}_Token|a:5:{s:3:"key";s:40:"d226fc4e79f97fa10714650245a61132d0804b9b";s:18:"allowedControllers";a:0:{}s:14:"allowedActions";a:0:{}s:14:"unlockedFields";a:0:{}s:10:"csrfTokens";a:1:{s:40:"d226fc4e79f97fa10714650245a61132d0804b9b";i:1460486520;}}', 1460484721),
('c9r3a2jb1aml7hqrbrsfmmvs20', 'Config|a:3:{s:9:"userAgent";s:32:"e5446464fad0281ffd99ad8044e74d5a";s:4:"time";i:1460718006;s:9:"countdown";i:10;}_Token|a:5:{s:3:"key";s:40:"c77f22e9f7b11799c49903377a075da12bbf4881";s:18:"allowedControllers";a:0:{}s:14:"allowedActions";a:0:{}s:14:"unlockedFields";a:0:{}s:10:"csrfTokens";a:1:{s:40:"c77f22e9f7b11799c49903377a075da12bbf4881";i:1460705406;}}', 1460703606),
('dc85bn1u62l0sa9fs2l27p3s20', 'Config|a:3:{s:9:"userAgent";s:32:"580169f87ce452dfd8e4a7a9598fe48d";s:4:"time";i:1460390465;s:9:"countdown";i:10;}Message|a:1:{s:4:"auth";a:3:{s:7:"message";s:47:"You are not authorized to access that location.";s:7:"element";s:7:"default";s:6:"params";a:0:{}}}Auth|a:1:{s:8:"redirect";s:36:"/users/attendence.json?id=1&month=05";}', 1460376065),
('dic6fid1aeaqcaab97ll217ai2', 'Config|a:3:{s:9:"userAgent";s:32:"e5446464fad0281ffd99ad8044e74d5a";s:4:"time";i:1460897492;s:9:"countdown";i:10;}_Token|a:5:{s:3:"key";s:40:"e6ca2d056ffce8681c1e79560bd48160f61db5e5";s:18:"allowedControllers";a:0:{}s:14:"allowedActions";a:0:{}s:14:"unlockedFields";a:0:{}s:10:"csrfTokens";a:1:{s:40:"e6ca2d056ffce8681c1e79560bd48160f61db5e5";i:1460884892;}}', 1460883092),
('e54bkc9fkis4gcek77o4tqrrg3', 'Config|a:3:{s:9:"userAgent";s:32:"e5446464fad0281ffd99ad8044e74d5a";s:4:"time";i:1460718321;s:9:"countdown";i:10;}_Token|a:5:{s:3:"key";s:40:"2547adbf23b7b1818cc707a2944ac5bb129aa7e5";s:18:"allowedControllers";a:0:{}s:14:"allowedActions";a:0:{}s:14:"unlockedFields";a:0:{}s:10:"csrfTokens";a:1:{s:40:"2547adbf23b7b1818cc707a2944ac5bb129aa7e5";i:1460705721;}}', 1460703922),
('efg6abt68bt6uj1638ohcefff5', 'Config|a:3:{s:9:"userAgent";s:32:"bd4081eb84b69b19f0fe1798528e2f7f";s:4:"time";i:1459528249;s:9:"countdown";i:10;}_Token|a:5:{s:3:"key";s:40:"e3229549601de9c832f781e20da630264c7b62f4";s:18:"allowedControllers";a:0:{}s:14:"allowedActions";a:0:{}s:14:"unlockedFields";a:0:{}s:10:"csrfTokens";a:3:{s:40:"950656eaee8d489d28b0f2b67b9ab3b852cd1dfb";i:1459514564;s:40:"8f1083553faddac72ceaefb5be0eaa43fbf3c016";i:1459515571;s:40:"e3229549601de9c832f781e20da630264c7b62f4";i:1459515652;}}', 1459513852),
('eid7tafkppa068jo53ng2becv5', 'Config|a:3:{s:9:"userAgent";s:32:"e5446464fad0281ffd99ad8044e74d5a";s:4:"time";i:1460756836;s:9:"countdown";i:10;}_Token|a:5:{s:3:"key";s:40:"80a2adf8971906b56128511e40b629a8dbbfe34a";s:18:"allowedControllers";a:0:{}s:14:"allowedActions";a:0:{}s:14:"unlockedFields";a:0:{}s:10:"csrfTokens";a:1:{s:40:"80a2adf8971906b56128511e40b629a8dbbfe34a";i:1460744236;}}', 1460742436),
('ekr31lep8qpjt78ev449v40sh2', 'Config|a:3:{s:9:"userAgent";s:32:"e5446464fad0281ffd99ad8044e74d5a";s:4:"time";i:1460679838;s:9:"countdown";i:10;}_Token|a:5:{s:3:"key";s:40:"704e8779447f291e4bf7e4c19eb299b62f1810c1";s:18:"allowedControllers";a:0:{}s:14:"allowedActions";a:0:{}s:14:"unlockedFields";a:0:{}s:10:"csrfTokens";a:1:{s:40:"704e8779447f291e4bf7e4c19eb299b62f1810c1";i:1460667238;}}', 1460665438),
('emgvglmotd0pm91e0dv9g52nv5', 'Config|a:3:{s:9:"userAgent";s:32:"e5446464fad0281ffd99ad8044e74d5a";s:4:"time";i:1460678057;s:9:"countdown";i:10;}_Token|a:5:{s:3:"key";s:40:"4c06c3ea8905a53bb3874363800a4edd8082e94a";s:18:"allowedControllers";a:0:{}s:14:"allowedActions";a:0:{}s:14:"unlockedFields";a:0:{}s:10:"csrfTokens";a:1:{s:40:"4c06c3ea8905a53bb3874363800a4edd8082e94a";i:1460665457;}}', 1460663657),
('eufcmmnqn0tcivd4k2hq06mmp4', 'Config|a:3:{s:9:"userAgent";s:32:"14d769e3341290e33266a79e8a02ea26";s:4:"time";i:1460496887;s:9:"countdown";i:10;}_Token|a:5:{s:3:"key";s:40:"77bdeb59a0aeb029c8706e683cb87943aafa5165";s:18:"allowedControllers";a:0:{}s:14:"allowedActions";a:0:{}s:14:"unlockedFields";a:0:{}s:10:"csrfTokens";a:2:{s:40:"df935de30b5b9a9498e8a722d412ec0450134563";i:1460484251;s:40:"77bdeb59a0aeb029c8706e683cb87943aafa5165";i:1460484287;}}', 1460482488),
('g12kau3vv3plotusa4624u51e7', 'Config|a:3:{s:9:"userAgent";s:32:"e5446464fad0281ffd99ad8044e74d5a";s:4:"time";i:1460679812;s:9:"countdown";i:10;}_Token|a:5:{s:3:"key";s:40:"2ecf1fb7f8a82e55d00b06c6a6d62d3e21a85059";s:18:"allowedControllers";a:0:{}s:14:"allowedActions";a:0:{}s:14:"unlockedFields";a:0:{}s:10:"csrfTokens";a:1:{s:40:"2ecf1fb7f8a82e55d00b06c6a6d62d3e21a85059";i:1460667212;}}', 1460665412),
('g18r7u7se5idef18sd3ievurn1', 'Config|a:3:{s:9:"userAgent";s:32:"bd4081eb84b69b19f0fe1798528e2f7f";s:4:"time";i:1460852103;s:9:"countdown";i:10;}_Token|a:5:{s:3:"key";s:40:"3342bada6d94bea91b586ee07431e2220a74e771";s:18:"allowedControllers";a:0:{}s:14:"allowedActions";a:0:{}s:14:"unlockedFields";a:0:{}s:10:"csrfTokens";a:5:{s:40:"a01df2c37296584fb9e7999474ee8d8c5d1b3538";i:1460838001;s:40:"c18100f783bc985249bc6cb3d47f8a8d648dd8e5";i:1460838538;s:40:"3f70fd90b5684d08b46ec8f2c14243c28ce0bb08";i:1460838581;s:40:"98df0525127f02c9217fc3b24e312aae08e316b1";i:1460839419;s:40:"3342bada6d94bea91b586ee07431e2220a74e771";i:1460839505;}}', 1460837708),
('ga4gfqe6k1enj081u86b68nea7', 'Config|a:3:{s:9:"userAgent";s:32:"580169f87ce452dfd8e4a7a9598fe48d";s:4:"time";i:1463086369;s:9:"countdown";i:10;}Message|a:1:{s:4:"auth";a:3:{s:7:"message";s:47:"You are not authorized to access that location.";s:7:"element";s:7:"default";s:6:"params";a:0:{}}}Auth|a:1:{s:8:"redirect";s:157:"/users/testnotification.json?deviceid=APA91bHzTh1grqc5qrLBkmbhYd2gBQv0-XgHFKCIRTwBRS76dhz3GD4uGJ53rl-OZMNBKTW5tXnvvfjJwPdwYYerZXjNxemLF6lRpMTQ7Ku9-mdFTDmQ1Mo";}', 1463071969),
('gb67lknfl17caj2ame4p96cln3', 'Config|a:3:{s:9:"userAgent";s:32:"bd4081eb84b69b19f0fe1798528e2f7f";s:4:"time";i:1460651508;s:9:"countdown";i:10;}_Token|a:5:{s:3:"key";s:40:"594521f959326d7a322b745872551281e494804e";s:18:"allowedControllers";a:0:{}s:14:"allowedActions";a:0:{}s:14:"unlockedFields";a:0:{}s:10:"csrfTokens";a:11:{s:40:"856b7fd4f66c9bf766100e04774fb84bdc93ed07";i:1460637635;s:40:"44216590acbd6712b5185a99fb0003b8493ab625";i:1460637724;s:40:"05dfa08ce53138af217f2b6d348dcb8dccbf6967";i:1460637826;s:40:"b12ada9db27567b2b742d77b57889254c5e13837";i:1460637875;s:40:"bd6c454957c151035d497e4ad97a1f0011c9f518";i:1460638006;s:40:"aad47794214bd15bc6864bda69f3abf899a3f768";i:1460638419;s:40:"78e87ca5b95b77a0671a41badd5c69b2be2fc957";i:1460638806;s:40:"b425c8eb84f96beb7b23dcbe26e89c640712c240";i:1460638841;s:40:"e83ed15bd6be8963e1132d08816e25479ba5a33d";i:1460638854;s:40:"ea5c86f3ed208f89d37f3e628d0aaafc1fa3727c";i:1460638881;s:40:"594521f959326d7a322b745872551281e494804e";i:1460638908;}}', 1460637108),
('gc23drqc85n69s43fqc023c207', 'Config|a:3:{s:9:"userAgent";s:32:"14d769e3341290e33266a79e8a02ea26";s:4:"time";i:1460482842;s:9:"countdown";i:10;}_Token|a:5:{s:3:"key";s:40:"314bc289b46bbb94e1346af98f4e0afd2de0c5a6";s:18:"allowedControllers";a:0:{}s:14:"allowedActions";a:0:{}s:14:"unlockedFields";a:0:{}s:10:"csrfTokens";a:6:{s:40:"da7914fbdf70784af83b236fcc71fd0ddf629f32";i:1460468660;s:40:"48b79f6cc1d09f3b4b4a1c9b87ac85daeada1074";i:1460468771;s:40:"f16d96dac1271f361b1bba5033a96582fb0e7dee";i:1460468779;s:40:"75113b5d49bc95504cd3fbd06df77e6f0e85732f";i:1460468856;s:40:"8c214855b9e34acac54a5b4a85cb0aa9b282feac";i:1460468858;s:40:"314bc289b46bbb94e1346af98f4e0afd2de0c5a6";i:1460470242;}}', 1460468442),
('gophdt8ag6ific5ca0g3cdeo34', 'Config|a:3:{s:9:"userAgent";s:32:"e5446464fad0281ffd99ad8044e74d5a";s:4:"time";i:1460679114;s:9:"countdown";i:10;}_Token|a:5:{s:3:"key";s:40:"a5a0974eebe7d25798e4cbef833b9bc7b95d274a";s:18:"allowedControllers";a:0:{}s:14:"allowedActions";a:0:{}s:14:"unlockedFields";a:0:{}s:10:"csrfTokens";a:1:{s:40:"a5a0974eebe7d25798e4cbef833b9bc7b95d274a";i:1460666514;}}', 1460664714),
('h0dt8bkq3e6bggu1rcn0ev30g7', 'Config|a:3:{s:9:"userAgent";s:32:"580169f87ce452dfd8e4a7a9598fe48d";s:4:"time";i:1463086997;s:9:"countdown";i:10;}Message|a:1:{s:4:"auth";a:3:{s:7:"message";s:47:"You are not authorized to access that location.";s:7:"element";s:7:"default";s:6:"params";a:0:{}}}Auth|a:1:{s:8:"redirect";s:157:"/users/testnotification.json?deviceid=APA91bHzTh1grqc5qrLBkmbhYd2gBQv0-XgHFKCIRTwBRS76dhz3GD4uGJ53rl-OZMNBKTW5tXnvvfjJwPdwYYerZXjNxemLF6lRpMTQ7Ku9-mdFTDmQ1Mo";}', 1463072597),
('hdqdoq01127ko6rufgrtu4qkl0', 'Config|a:3:{s:9:"userAgent";s:32:"bd4081eb84b69b19f0fe1798528e2f7f";s:4:"time";i:1460648673;s:9:"countdown";i:10;}_Token|a:5:{s:3:"key";s:40:"03ec15afa4b5ac88087bad2b75ceaa686375f68d";s:18:"allowedControllers";a:0:{}s:14:"allowedActions";a:0:{}s:14:"unlockedFields";a:0:{}s:10:"csrfTokens";a:7:{s:40:"e31c17f8b17cb7719e7f04a0d1c8ce067e6ade6b";i:1460634613;s:40:"fa3f2bd967c33468d5c791e7a01b68e1c2f494ff";i:1460634662;s:40:"d4ce3c6345e434fafc267cd8c87ff8d6b91b4558";i:1460634762;s:40:"5d5c24bd33130d3b4414e0f1ea0e4cf86c23a517";i:1460635708;s:40:"c90f6beba5acba0911d5a5d0d1aa262372cb6a96";i:1460635811;s:40:"3abcf4aebcfc67e25c3af0f5a4f7fc81943d76c8";i:1460635916;s:40:"03ec15afa4b5ac88087bad2b75ceaa686375f68d";i:1460636076;}}', 1460634279),
('hi7kcfsta7v9192nuncgmrs393', 'Config|a:3:{s:9:"userAgent";s:32:"5610e6db3f8a66a89b14a41aefd8d0b5";s:4:"time";i:1460649722;s:9:"countdown";i:10;}_Token|a:5:{s:3:"key";s:40:"173a07003071059bee9be48d86eb7f893be9be9a";s:18:"allowedControllers";a:0:{}s:14:"allowedActions";a:0:{}s:14:"unlockedFields";a:0:{}s:10:"csrfTokens";a:1:{s:40:"173a07003071059bee9be48d86eb7f893be9be9a";i:1460637122;}}', 1460635322),
('ieiajko5jfrp21ascelstkute7', 'Config|a:3:{s:9:"userAgent";s:32:"e5446464fad0281ffd99ad8044e74d5a";s:4:"time";i:1460680007;s:9:"countdown";i:10;}_Token|a:5:{s:3:"key";s:40:"befd2f9faaf23ed7fa16d2a201bdc98d03099385";s:18:"allowedControllers";a:0:{}s:14:"allowedActions";a:0:{}s:14:"unlockedFields";a:0:{}s:10:"csrfTokens";a:1:{s:40:"befd2f9faaf23ed7fa16d2a201bdc98d03099385";i:1460667408;}}', 1460665608),
('irfp0ovhjqu1jceo4rshi4r060', 'Config|a:3:{s:9:"userAgent";s:32:"cb8ce4e23c0ce24a2c750b7e88ee948b";s:4:"time";i:1460485157;s:9:"countdown";i:10;}_Token|a:5:{s:3:"key";s:40:"d8975b3cf21a69fa9e9b83917d5c9cffec174308";s:18:"allowedControllers";a:0:{}s:14:"allowedActions";a:0:{}s:14:"unlockedFields";a:0:{}s:10:"csrfTokens";a:1:{s:40:"d8975b3cf21a69fa9e9b83917d5c9cffec174308";i:1460472557;}}', 1460470757),
('kblikerus2subegb8d22q17rs3', 'Config|a:3:{s:9:"userAgent";s:32:"14d769e3341290e33266a79e8a02ea26";s:4:"time";i:1460571658;s:9:"countdown";i:10;}_Token|a:5:{s:3:"key";s:40:"eda0ed4cc334965fb099e46b5b997faf4c4d02e5";s:18:"allowedControllers";a:0:{}s:14:"allowedActions";a:0:{}s:14:"unlockedFields";a:0:{}s:10:"csrfTokens";a:4:{s:40:"7e1cad929e85f4075170410e1a6458cbc9fae089";i:1460557506;s:40:"673e57dda0ae990a6fe05ac1526f2b302ecbc06d";i:1460557637;s:40:"daf9df9486cc4985d32681704e9e37cbfe521441";i:1460557790;s:40:"eda0ed4cc334965fb099e46b5b997faf4c4d02e5";i:1460559058;}}Message|a:1:{s:4:"auth";a:3:{s:7:"message";s:47:"You are not authorized to access that location.";s:7:"element";s:7:"default";s:6:"params";a:0:{}}}Auth|a:1:{s:8:"redirect";s:35:"/client/request_subjects/schoolId:1";}', 1460557259),
('krh55nn33nj5b0fbji4o6o8594', 'Config|a:3:{s:9:"userAgent";s:32:"bd4081eb84b69b19f0fe1798528e2f7f";s:4:"time";i:1460479125;s:9:"countdown";i:10;}_Token|a:5:{s:3:"key";s:40:"da33d5abc5dd76fc68daec1d1400a5324bbf3d0c";s:18:"allowedControllers";a:0:{}s:14:"allowedActions";a:0:{}s:14:"unlockedFields";a:0:{}s:10:"csrfTokens";a:24:{s:40:"fad1b039da226a0f6150aa72c35cb23e247c07fc";i:1460464750;s:40:"22da5ba8980401d3fb0c3b35b01ee880d1482910";i:1460464753;s:40:"491b53516b592cc79b7b6e0b8577146af87d7857";i:1460464755;s:40:"0ffe7157c49d64c66e0a1c055955d19af5a5e280";i:1460464756;s:40:"c9d94fb5021440616356a4e1130a6b9a6d8a9fdb";i:1460464757;s:40:"2470a4cd0d0f8cb68c4a0da3d153cb1cb016d383";i:1460464758;s:40:"329056da4a1e6191a62bf2e2b1a58a3770cf4ce5";i:1460464759;s:40:"896d26eb9c5b6b4d2d877e9a8d0f20dfdc7c6938";i:1460464818;s:40:"da9920e563f2334e8ce8bf8955d8edcc63863225";i:1460464944;s:40:"4d3f305d402948befa66a2f288fd1e2b2fc2f72e";i:1460464947;s:40:"821f4a20b97ae0ef4328d836d77e59dd9b277be0";i:1460465372;s:40:"839fd5993f71b2d107f8f568aa0fcd38dbb89ae2";i:1460465522;s:40:"6e48db8cde399892e4e8a901661a81d66f33f660";i:1460466373;s:40:"085f2b1bb4e827c5150c8418309ae100d08764af";i:1460466377;s:40:"2ee956d37ae0319dff07459e71c6d56ad0b1596f";i:1460466391;s:40:"80d4fea70cc2c6de8a9618290ed199b12d984ddd";i:1460466397;s:40:"9daa79a96fa07e2702c7763ab94aeb592605a2b7";i:1460466447;s:40:"b1f697a9f2058c2a286b76ae2cb7e91f7d4e8bc6";i:1460466450;s:40:"748f453141e5bf31a45d54fc4cf3fa6036ffb63e";i:1460466452;s:40:"c598b72d2549f748fbf27d078cab0e4de1100289";i:1460466454;s:40:"c27dc0da695ee7927779aac51e31fa51b60c2337";i:1460466455;s:40:"5d50786a99b6f696c4297e6a0ad0ef345576e4dc";i:1460466455;s:40:"79e44b31bc11a536b97db19b8cd2a16ec55e5299";i:1460466490;s:40:"da33d5abc5dd76fc68daec1d1400a5324bbf3d0c";i:1460466525;}}', 1460464725),
('ks94lm288k88m99sam4vaopl01', 'Config|a:3:{s:9:"userAgent";s:32:"e5446464fad0281ffd99ad8044e74d5a";s:4:"time";i:1460673968;s:9:"countdown";i:10;}_Token|a:5:{s:3:"key";s:40:"42f5aefc8c892a1c96436d47bd6e4675fa2dc335";s:18:"allowedControllers";a:0:{}s:14:"allowedActions";a:0:{}s:14:"unlockedFields";a:0:{}s:10:"csrfTokens";a:1:{s:40:"42f5aefc8c892a1c96436d47bd6e4675fa2dc335";i:1460661368;}}', 1460659568),
('kuhvr77bkhd69lre7kum3e8c01', 'Config|a:3:{s:9:"userAgent";s:32:"45132d2412827dae279f3426a2e6b480";s:4:"time";i:1460496908;s:9:"countdown";i:10;}_Token|a:5:{s:3:"key";s:40:"f815a91f609b3fce3658d2fdbb738304200d8957";s:18:"allowedControllers";a:0:{}s:14:"allowedActions";a:0:{}s:14:"unlockedFields";a:0:{}s:10:"csrfTokens";a:3:{s:40:"4ad54a4f8cb667c17f98e9d61c11299df2b1298f";i:1460484188;s:40:"4f87692ccba7c4e261702a79fb2ee846558acef8";i:1460484236;s:40:"f815a91f609b3fce3658d2fdbb738304200d8957";i:1460484308;}}', 1460482508),
('lkj1rm882elsq9l906v4n3t101', 'Config|a:3:{s:9:"userAgent";s:32:"e5446464fad0281ffd99ad8044e74d5a";s:4:"time";i:1460679978;s:9:"countdown";i:10;}_Token|a:5:{s:3:"key";s:40:"1c6a4f25a53a5dbe16ba94171c83b31e881caa6a";s:18:"allowedControllers";a:0:{}s:14:"allowedActions";a:0:{}s:14:"unlockedFields";a:0:{}s:10:"csrfTokens";a:1:{s:40:"1c6a4f25a53a5dbe16ba94171c83b31e881caa6a";i:1460667378;}}', 1460665578),
('lmphahe74em94miami2h0v3e24', 'Config|a:3:{s:9:"userAgent";s:32:"14d769e3341290e33266a79e8a02ea26";s:4:"time";i:1460812512;s:9:"countdown";i:10;}_Token|a:5:{s:3:"key";s:40:"eff239a0cac1571079ac6e67c42b30d67d128208";s:18:"allowedControllers";a:0:{}s:14:"allowedActions";a:0:{}s:14:"unlockedFields";a:0:{}s:10:"csrfTokens";a:5:{s:40:"6447d4c48af5bed806aadfc585b0f14691d40588";i:1460798520;s:40:"9d573f1c9d565558fa8563005ea98263bea1f2b8";i:1460798540;s:40:"fc6715771849636b313d2648976efb1284c779f2";i:1460798555;s:40:"4c42b415227e3c82a7ec3f17c318bf36fb7fbd42";i:1460798564;s:40:"eff239a0cac1571079ac6e67c42b30d67d128208";i:1460799912;}}', 1460798112),
('lq1pmttlrf4h9v0surau07kgf0', 'Config|a:3:{s:9:"userAgent";s:32:"580169f87ce452dfd8e4a7a9598fe48d";s:4:"time";i:1459534650;s:9:"countdown";i:10;}_Token|a:5:{s:3:"key";s:40:"e2d816690209ef0f4966c5ea40d00e181526ac2e";s:18:"allowedControllers";a:0:{}s:14:"allowedActions";a:0:{}s:14:"unlockedFields";a:0:{}s:10:"csrfTokens";a:1:{s:40:"e2d816690209ef0f4966c5ea40d00e181526ac2e";i:1459522052;}}', 1459520252),
('lscmku3uq4v91kko1m3avqsci5', 'Config|a:3:{s:9:"userAgent";s:32:"e5446464fad0281ffd99ad8044e74d5a";s:4:"time";i:1460675046;s:9:"countdown";i:10;}_Token|a:5:{s:3:"key";s:40:"870cc420d85b0f41d67640fe8c6fdf2f1c3526f0";s:18:"allowedControllers";a:0:{}s:14:"allowedActions";a:0:{}s:14:"unlockedFields";a:0:{}s:10:"csrfTokens";a:1:{s:40:"870cc420d85b0f41d67640fe8c6fdf2f1c3526f0";i:1460662446;}}', 1460660646),
('m2u584vkl5ps8tne2cjor6s7m3', 'Config|a:3:{s:9:"userAgent";s:32:"14d769e3341290e33266a79e8a02ea26";s:4:"time";i:1460633102;s:9:"countdown";i:10;}_Token|a:5:{s:3:"key";s:40:"7dde49cafec393f9d89ba47682e477caa6e0a612";s:18:"allowedControllers";a:0:{}s:14:"allowedActions";a:0:{}s:14:"unlockedFields";a:0:{}s:10:"csrfTokens";a:1:{s:40:"7dde49cafec393f9d89ba47682e477caa6e0a612";i:1460620502;}}', 1460618702),
('mdg1ti41d88dsugsn1f2jga1a2', 'Config|a:3:{s:9:"userAgent";s:32:"e5446464fad0281ffd99ad8044e74d5a";s:4:"time";i:1460675347;s:9:"countdown";i:10;}_Token|a:5:{s:3:"key";s:40:"bd8ec1a4af45fc7d8e71180b06bceb29dc300192";s:18:"allowedControllers";a:0:{}s:14:"allowedActions";a:0:{}s:14:"unlockedFields";a:0:{}s:10:"csrfTokens";a:1:{s:40:"bd8ec1a4af45fc7d8e71180b06bceb29dc300192";i:1460662747;}}', 1460660948),
('meqdg5s7n46tuv6ahqbc47md57', 'Config|a:3:{s:9:"userAgent";s:32:"14d769e3341290e33266a79e8a02ea26";s:4:"time";i:1463231544;s:9:"countdown";i:10;}Message|a:1:{s:4:"auth";a:3:{s:7:"message";s:47:"You are not authorized to access that location.";s:7:"element";s:7:"default";s:6:"params";a:0:{}}}Auth|a:1:{s:8:"redirect";s:167:"/users/testnotification?deviceid=APA91bHzTh1grqc5qrLBkmbhYd2gBQv0-XgHFKCIRTwBRS76dhz3GD4uGJ53rl-OZMNBKTW5tXnvvfjJwPdwYYerZXjNxemLF6lRpMTQ7Ku9-mdFTDmQ1Mo%2Fthis+is+test";}', 1463217144),
('mj0thvommdk2654fmkbdcaaaq1', 'Config|a:3:{s:9:"userAgent";s:32:"e5446464fad0281ffd99ad8044e74d5a";s:4:"time";i:1460885971;s:9:"countdown";i:10;}_Token|a:5:{s:3:"key";s:40:"7111f14a2339172dc99a3e49c5b540f31f25a7a4";s:18:"allowedControllers";a:0:{}s:14:"allowedActions";a:0:{}s:14:"unlockedFields";a:0:{}s:10:"csrfTokens";a:1:{s:40:"7111f14a2339172dc99a3e49c5b540f31f25a7a4";i:1460873371;}}', 1460871571),
('mkjtbhupf3v6vs9beeaa1his73', 'Config|a:3:{s:9:"userAgent";s:32:"580169f87ce452dfd8e4a7a9598fe48d";s:4:"time";i:1460390518;s:9:"countdown";i:10;}Message|a:1:{s:4:"auth";a:3:{s:7:"message";s:47:"You are not authorized to access that location.";s:7:"element";s:7:"default";s:6:"params";a:0:{}}}Auth|a:1:{s:8:"redirect";s:36:"/users/attendence.json?id=1&month=05";}', 1460376118),
('mn56giao8omf7tget5hsqh4aa2', 'Config|a:3:{s:9:"userAgent";s:32:"e5446464fad0281ffd99ad8044e74d5a";s:4:"time";i:1460679803;s:9:"countdown";i:10;}_Token|a:5:{s:3:"key";s:40:"59b24da5d53905d69914b01a57935a413087ee91";s:18:"allowedControllers";a:0:{}s:14:"allowedActions";a:0:{}s:14:"unlockedFields";a:0:{}s:10:"csrfTokens";a:1:{s:40:"59b24da5d53905d69914b01a57935a413087ee91";i:1460667203;}}', 1460665403),
('n3kmhkuj62sdved9v515celjt1', 'Config|a:3:{s:9:"userAgent";s:32:"14d769e3341290e33266a79e8a02ea26";s:4:"time";i:1463086793;s:9:"countdown";i:10;}Message|a:1:{s:4:"auth";a:3:{s:7:"message";s:47:"You are not authorized to access that location.";s:7:"element";s:7:"default";s:6:"params";a:0:{}}}Auth|a:1:{s:8:"redirect";s:164:"/users/sendPushNotification/APA91bHzTh1grqc5qrLBkmbhYd2gBQv0-XgHFKCIRTwBRS76dhz3GD4uGJ53rl-OZMNBKTW5tXnvvfjJwPdwYYerZXjNxemLF6lRpMTQ7Ku9-mdFTDmQ1Mo/this%20is%20test";}', 1463072393),
('ng33lgkakvf96jgl87576q7112', 'Config|a:3:{s:9:"userAgent";s:32:"5610e6db3f8a66a89b14a41aefd8d0b5";s:4:"time";i:1460621965;s:9:"countdown";i:10;}_Token|a:5:{s:3:"key";s:40:"193c2cedfdb9c1faf24c5a5d7c1882d9b1215091";s:18:"allowedControllers";a:0:{}s:14:"allowedActions";a:0:{}s:14:"unlockedFields";a:0:{}s:10:"csrfTokens";a:1:{s:40:"193c2cedfdb9c1faf24c5a5d7c1882d9b1215091";i:1460609365;}}', 1460607565),
('ng865p14qn2i6uhhcqh0ogaq44', 'Config|a:3:{s:9:"userAgent";s:32:"580169f87ce452dfd8e4a7a9598fe48d";s:4:"time";i:1460390603;s:9:"countdown";i:10;}Message|a:1:{s:4:"auth";a:3:{s:7:"message";s:47:"You are not authorized to access that location.";s:7:"element";s:7:"default";s:6:"params";a:0:{}}}Auth|a:1:{s:8:"redirect";s:36:"/users/attendence.json?id=1&month=05";}', 1460376203),
('ns19bbch6b4oj0391imo500ft7', 'Config|a:3:{s:9:"userAgent";s:32:"17ce18d87b9ae4321d6ae81bfe9c0658";s:4:"time";i:1460622294;s:9:"countdown";i:10;}_Token|a:5:{s:3:"key";s:40:"6fcffba7c2a5fd9c28014c02f5065a877b76c200";s:18:"allowedControllers";a:0:{}s:14:"allowedActions";a:0:{}s:14:"unlockedFields";a:0:{}s:10:"csrfTokens";a:1:{s:40:"6fcffba7c2a5fd9c28014c02f5065a877b76c200";i:1460609694;}}', 1460607894),
('o10rfin0ruetufrp1j26gmg5s6', 'Config|a:3:{s:9:"userAgent";s:32:"14d769e3341290e33266a79e8a02ea26";s:4:"time";i:1460982443;s:9:"countdown";i:10;}_Token|a:5:{s:3:"key";s:40:"e53ba71322c2a09683f95c685d8f7b065649cd9d";s:18:"allowedControllers";a:0:{}s:14:"allowedActions";a:0:{}s:14:"unlockedFields";a:0:{}s:10:"csrfTokens";a:1:{s:40:"e53ba71322c2a09683f95c685d8f7b065649cd9d";i:1460967525;}}Message|a:1:{s:4:"auth";a:3:{s:7:"message";s:47:"You are not authorized to access that location.";s:7:"element";s:7:"default";s:6:"params";a:0:{}}}Auth|a:1:{s:8:"redirect";s:54:"/client/request_setsubjectmark/userid:1/token:9JVLlAXh";}', 1460968043),
('o1ontmi4taud4t67jceo2r6ig5', 'Config|a:3:{s:9:"userAgent";s:32:"e5446464fad0281ffd99ad8044e74d5a";s:4:"time";i:1460718166;s:9:"countdown";i:10;}_Token|a:5:{s:3:"key";s:40:"3d4c2f1c261af3037ea81cfb4a26a7799e2a49fa";s:18:"allowedControllers";a:0:{}s:14:"allowedActions";a:0:{}s:14:"unlockedFields";a:0:{}s:10:"csrfTokens";a:1:{s:40:"3d4c2f1c261af3037ea81cfb4a26a7799e2a49fa";i:1460705566;}}', 1460703766),
('obs8bh81dit89m9vb3k5u6sul3', 'Config|a:3:{s:9:"userAgent";s:32:"14d769e3341290e33266a79e8a02ea26";s:4:"time";i:1460489646;s:9:"countdown";i:10;}_Token|a:5:{s:3:"key";s:40:"9c59a6125c4526fe5010520ba6f1763811f0dc23";s:18:"allowedControllers";a:0:{}s:14:"allowedActions";a:0:{}s:14:"unlockedFields";a:0:{}s:10:"csrfTokens";a:1:{s:40:"9c59a6125c4526fe5010520ba6f1763811f0dc23";i:1460477046;}}', 1460475246),
('ogbjthsgt9og9msde5qbbpdfl4', 'Config|a:3:{s:9:"userAgent";s:32:"14d769e3341290e33266a79e8a02ea26";s:4:"time";i:1460132089;s:9:"countdown";i:10;}_Token|a:5:{s:3:"key";s:40:"8d93d1b535f41eedf2bf009e5772ea785e42881a";s:18:"allowedControllers";a:0:{}s:14:"allowedActions";a:0:{}s:14:"unlockedFields";a:0:{}s:10:"csrfTokens";a:7:{s:40:"ec829f914b79628ffc524cd31a5febe757e1c92d";i:1460118773;s:40:"5cf89a3f56bbe3b71d3970fc0e0346bde94290ba";i:1460118779;s:40:"34924e675622dddcd19a236001dd2e05d092ce64";i:1460118782;s:40:"fd539706116c84db55704f8e8305a1ace0339705";i:1460119027;s:40:"9bb79a281048f617bbaae369d8386852d06782e8";i:1460119227;s:40:"cef465d5c59ab4a030c02b60a0615d59291a4503";i:1460119240;s:40:"8d93d1b535f41eedf2bf009e5772ea785e42881a";i:1460119489;}}Message|a:1:{s:4:"auth";a:3:{s:7:"message";s:47:"You are not authorized to access that location.";s:7:"element";s:7:"default";s:6:"params";a:0:{}}}Auth|a:1:{s:8:"redirect";s:21:"/client/request_login";}', 1460117689),
('patm8k0j6lq2uk3p5b867j2m77', 'Config|a:3:{s:9:"userAgent";s:32:"580169f87ce452dfd8e4a7a9598fe48d";s:4:"time";i:1460390606;s:9:"countdown";i:10;}Message|a:1:{s:4:"auth";a:3:{s:7:"message";s:47:"You are not authorized to access that location.";s:7:"element";s:7:"default";s:6:"params";a:0:{}}}Auth|a:1:{s:8:"redirect";s:36:"/users/attendence.json?id=1&month=05";}', 1460376206),
('ps7po072rmk8o9bplfhjhs1807', 'Config|a:3:{s:9:"userAgent";s:32:"580169f87ce452dfd8e4a7a9598fe48d";s:4:"time";i:1463087257;s:9:"countdown";i:10;}Message|a:1:{s:4:"auth";a:3:{s:7:"message";s:47:"You are not authorized to access that location.";s:7:"element";s:7:"default";s:6:"params";a:0:{}}}Auth|a:1:{s:8:"redirect";s:157:"/users/testnotification.json?deviceid=APA91bHzTh1grqc5qrLBkmbhYd2gBQv0-XgHFKCIRTwBRS76dhz3GD4uGJ53rl-OZMNBKTW5tXnvvfjJwPdwYYerZXjNxemLF6lRpMTQ7Ku9-mdFTDmQ1Mo";}', 1463072857),
('pviusfvjcgt5tg96po984ha6o1', 'Config|a:3:{s:9:"userAgent";s:32:"e5446464fad0281ffd99ad8044e74d5a";s:4:"time";i:1460673738;s:9:"countdown";i:10;}_Token|a:5:{s:3:"key";s:40:"7e0c6a8ae8bf6ab44c56431df363f5ebf653ede6";s:18:"allowedControllers";a:0:{}s:14:"allowedActions";a:0:{}s:14:"unlockedFields";a:0:{}s:10:"csrfTokens";a:1:{s:40:"7e0c6a8ae8bf6ab44c56431df363f5ebf653ede6";i:1460661138;}}', 1460659339),
('q3gevgurqv8hc1qlpt2lbo1gm6', 'Config|a:3:{s:9:"userAgent";s:32:"bd4081eb84b69b19f0fe1798528e2f7f";s:4:"time";i:1460643354;s:9:"countdown";i:10;}_Token|a:5:{s:3:"key";s:40:"451b514d2e27b21ad5b35c670d601bd237e6beab";s:18:"allowedControllers";a:0:{}s:14:"allowedActions";a:0:{}s:14:"unlockedFields";a:0:{}s:10:"csrfTokens";a:2:{s:40:"cf9458610cbe2f4fe7fd591c8d9d93bf32ca88f2";i:1460630645;s:40:"451b514d2e27b21ad5b35c670d601bd237e6beab";i:1460630754;}}', 1460628955),
('q8u359ggkfeb51v7ahljfcnhu6', 'Config|a:3:{s:9:"userAgent";s:32:"14d769e3341290e33266a79e8a02ea26";s:4:"time";i:1460982582;s:9:"countdown";i:10;}_Token|a:5:{s:3:"key";s:40:"07bdb291b1da549d3a74d02a3ab04af6ac48d240";s:18:"allowedControllers";a:0:{}s:14:"allowedActions";a:0:{}s:14:"unlockedFields";a:0:{}s:10:"csrfTokens";a:5:{s:40:"8add1ed4bc1e9a1160d1ab44d497fbea941534e7";i:1460968720;s:40:"4bff65ad1e3a79f623288ce70a188743ec8f1b21";i:1460969015;s:40:"41be1ea401df1c1e6551141b0b1034f98638cf0a";i:1460969096;s:40:"6a91fcb28909291ce58abecb4939727c5ccd5efd";i:1460969351;s:40:"07bdb291b1da549d3a74d02a3ab04af6ac48d240";i:1460969984;}}Message|a:1:{s:4:"auth";a:3:{s:7:"message";s:47:"You are not authorized to access that location.";s:7:"element";s:7:"default";s:6:"params";a:0:{}}}Auth|a:1:{s:8:"redirect";s:54:"/client/request_setsubjectmark/userid:1/token:9JVLlAXh";}', 1460968185),
('qcnhl34t7rvoiqlqmf2trv7eh6', 'Config|a:3:{s:9:"userAgent";s:32:"e5446464fad0281ffd99ad8044e74d5a";s:4:"time";i:1460679913;s:9:"countdown";i:10;}_Token|a:5:{s:3:"key";s:40:"63c6fbd259d2ad60ca6bad810147ac6cd94dcc20";s:18:"allowedControllers";a:0:{}s:14:"allowedActions";a:0:{}s:14:"unlockedFields";a:0:{}s:10:"csrfTokens";a:1:{s:40:"63c6fbd259d2ad60ca6bad810147ac6cd94dcc20";i:1460667313;}}', 1460665513),
('ql5isl82580kgbop4getimnu91', 'Config|a:3:{s:9:"userAgent";s:32:"580169f87ce452dfd8e4a7a9598fe48d";s:4:"time";i:1460390384;s:9:"countdown";i:10;}Message|a:1:{s:4:"auth";a:3:{s:7:"message";s:47:"You are not authorized to access that location.";s:7:"element";s:7:"default";s:6:"params";a:0:{}}}Auth|a:1:{s:8:"redirect";s:36:"/users/attendence.json?id=1&month=05";}', 1460375984),
('qnehalg9qvdmpfepbdt9llb2m2', 'Config|a:3:{s:9:"userAgent";s:32:"580169f87ce452dfd8e4a7a9598fe48d";s:4:"time";i:1459533286;s:9:"countdown";i:10;}Message|a:1:{s:4:"auth";a:3:{s:7:"message";s:47:"You are not authorized to access that location.";s:7:"element";s:7:"default";s:6:"params";a:0:{}}}Auth|a:1:{s:8:"redirect";s:11:"/users.json";}', 1459518888),
('qqll3u9i41ncn2r1f93omna1q5', 'Config|a:3:{s:9:"userAgent";s:32:"580169f87ce452dfd8e4a7a9598fe48d";s:4:"time";i:1461616366;s:9:"countdown";i:10;}Message|a:1:{s:4:"auth";a:3:{s:7:"message";s:47:"You are not authorized to access that location.";s:7:"element";s:7:"default";s:6:"params";a:0:{}}}Auth|a:1:{s:8:"redirect";s:63:"/users/attendencelistbyteacher.json?teacherid=4&date=2016-04-24";}', 1461601966),
('qtpd6fuldd9tegfm0tlmjprhe6', 'Config|a:3:{s:9:"userAgent";s:32:"580169f87ce452dfd8e4a7a9598fe48d";s:4:"time";i:1460390637;s:9:"countdown";i:10;}Message|a:1:{s:4:"auth";a:3:{s:7:"message";s:47:"You are not authorized to access that location.";s:7:"element";s:7:"default";s:6:"params";a:0:{}}}Auth|a:1:{s:8:"redirect";s:36:"/users/attendence.json?id=1&month=05";}', 1460376237),
('s6mji0tia62r0egl6ph1gspva0', 'Config|a:3:{s:9:"userAgent";s:32:"14d769e3341290e33266a79e8a02ea26";s:4:"time";i:1460655388;s:9:"countdown";i:10;}_Token|a:5:{s:3:"key";s:40:"1ca157787b77dd7febab166b92c99f42d862d47c";s:18:"allowedControllers";a:0:{}s:14:"allowedActions";a:0:{}s:14:"unlockedFields";a:0:{}s:10:"csrfTokens";a:1:{s:40:"1ca157787b77dd7febab166b92c99f42d862d47c";i:1460642789;}}', 1460640989),
('shgbqnngggp52fti0sft5qn7i3', 'Config|a:3:{s:9:"userAgent";s:32:"e5446464fad0281ffd99ad8044e74d5a";s:4:"time";i:1460732363;s:9:"countdown";i:10;}_Token|a:5:{s:3:"key";s:40:"3b46bceddd52c6d4a88b7b2e6e9d540abb7dcaa8";s:18:"allowedControllers";a:0:{}s:14:"allowedActions";a:0:{}s:14:"unlockedFields";a:0:{}s:10:"csrfTokens";a:1:{s:40:"3b46bceddd52c6d4a88b7b2e6e9d540abb7dcaa8";i:1460719763;}}', 1460717963),
('t1t1em2rd9h5d2c9einjn9hkn5', 'Config|a:3:{s:9:"userAgent";s:32:"e5446464fad0281ffd99ad8044e74d5a";s:4:"time";i:1460756751;s:9:"countdown";i:10;}_Token|a:5:{s:3:"key";s:40:"69208537d8486eb64187497b40685c8b2b867082";s:18:"allowedControllers";a:0:{}s:14:"allowedActions";a:0:{}s:14:"unlockedFields";a:0:{}s:10:"csrfTokens";a:1:{s:40:"69208537d8486eb64187497b40685c8b2b867082";i:1460744152;}}', 1460742352),
('t2g1lf5cmltcnbdcq7a39gsgt7', 'Config|a:3:{s:9:"userAgent";s:32:"e5446464fad0281ffd99ad8044e74d5a";s:4:"time";i:1460718096;s:9:"countdown";i:10;}_Token|a:5:{s:3:"key";s:40:"16842c65d7487845edf26d84b66445c0c494b820";s:18:"allowedControllers";a:0:{}s:14:"allowedActions";a:0:{}s:14:"unlockedFields";a:0:{}s:10:"csrfTokens";a:1:{s:40:"16842c65d7487845edf26d84b66445c0c494b820";i:1460705496;}}', 1460703696),
('t39nb75kag5344q6m2gnf61bn0', 'Config|a:3:{s:9:"userAgent";s:32:"e5446464fad0281ffd99ad8044e74d5a";s:4:"time";i:1460673942;s:9:"countdown";i:10;}_Token|a:5:{s:3:"key";s:40:"60256a238c2d211f3be8432d92cfd2eba84d17f4";s:18:"allowedControllers";a:0:{}s:14:"allowedActions";a:0:{}s:14:"unlockedFields";a:0:{}s:10:"csrfTokens";a:1:{s:40:"60256a238c2d211f3be8432d92cfd2eba84d17f4";i:1460661342;}}', 1460659542),
('ue1fpugt9df78csjvai8s2lk26', 'Config|a:3:{s:9:"userAgent";s:32:"e5446464fad0281ffd99ad8044e74d5a";s:4:"time";i:1460674373;s:9:"countdown";i:10;}_Token|a:5:{s:3:"key";s:40:"c140f3063e46da6860dce3800dd1baddc2a12a85";s:18:"allowedControllers";a:0:{}s:14:"allowedActions";a:0:{}s:14:"unlockedFields";a:0:{}s:10:"csrfTokens";a:1:{s:40:"c140f3063e46da6860dce3800dd1baddc2a12a85";i:1460661773;}}', 1460659973),
('ut5u2rir9sk2ebn2gh44prmcj4', 'Config|a:3:{s:9:"userAgent";s:32:"e5446464fad0281ffd99ad8044e74d5a";s:4:"time";i:1460673543;s:9:"countdown";i:10;}_Token|a:5:{s:3:"key";s:40:"66fb8d1d66cb094d2ce34b4903826b0e757537ee";s:18:"allowedControllers";a:0:{}s:14:"allowedActions";a:0:{}s:14:"unlockedFields";a:0:{}s:10:"csrfTokens";a:1:{s:40:"66fb8d1d66cb094d2ce34b4903826b0e757537ee";i:1460660943;}}', 1460659143),
('v06bumtgnseri0q2k6sqnsrhd3', 'Config|a:3:{s:9:"userAgent";s:32:"e5446464fad0281ffd99ad8044e74d5a";s:4:"time";i:1460674187;s:9:"countdown";i:10;}_Token|a:5:{s:3:"key";s:40:"e19a975da4aabd385c0f54f8825e6b6802c14db0";s:18:"allowedControllers";a:0:{}s:14:"allowedActions";a:0:{}s:14:"unlockedFields";a:0:{}s:10:"csrfTokens";a:1:{s:40:"e19a975da4aabd385c0f54f8825e6b6802c14db0";i:1460661587;}}', 1460659787),
('vbnli5sueb8gah5niha1duf7u5', 'Config|a:3:{s:9:"userAgent";s:32:"e5446464fad0281ffd99ad8044e74d5a";s:4:"time";i:1460674360;s:9:"countdown";i:10;}_Token|a:5:{s:3:"key";s:40:"c607daa89f0505e9fe6a22cecd709426e3475b01";s:18:"allowedControllers";a:0:{}s:14:"allowedActions";a:0:{}s:14:"unlockedFields";a:0:{}s:10:"csrfTokens";a:1:{s:40:"c607daa89f0505e9fe6a22cecd709426e3475b01";i:1460661760;}}', 1460659961);

-- --------------------------------------------------------

--
-- Table structure for table `classes`
--

CREATE TABLE IF NOT EXISTS `classes` (
  `id` int(11) NOT NULL AUTO_INCREMENT,
  `class_name` varchar(255) NOT NULL,
  `status` tinyint(1) NOT NULL DEFAULT '1',
  PRIMARY KEY (`id`)
) ENGINE=InnoDB  DEFAULT CHARSET=latin1 AUTO_INCREMENT=21 ;

--
-- Dumping data for table `classes`
--

INSERT INTO `classes` (`id`, `class_name`, `status`) VALUES
(1, '1st ''A''', 1),
(2, '1st ''B''', 1),
(3, '2nd ''A''', 1),
(4, '2nd ''B''', 1),
(5, '2nd ''C''', 1),
(6, '3rd ''A''', 1),
(7, '3rd ''B''', 1),
(8, '3rd ''C''', 1),
(9, '4th ''A''', 1),
(10, '4th ''B''', 1),
(11, '4th ''C''', 1),
(12, '4th ''D''', 1),
(13, '5th ''A''', 1),
(14, '5th''B''', 1),
(15, '5th ''C''', 1);

-- --------------------------------------------------------

--
-- Table structure for table `class_examinations`
--

CREATE TABLE IF NOT EXISTS `class_examinations` (
  `id` int(11) NOT NULL AUTO_INCREMENT,
  `examination_id` int(11) DEFAULT NULL,
  `teacher_id` int(11) DEFAULT NULL,
  `class_id` int(11) DEFAULT NULL,
  `school_id` int(11) DEFAULT NULL,
  `year` int(6) DEFAULT NULL,
  `date` date DEFAULT NULL,
  `max_mark` double(10,2) DEFAULT NULL,
  `status` tinyint(2) DEFAULT '1',
  `created` datetime DEFAULT NULL,
  `modified` datetime DEFAULT NULL,
  PRIMARY KEY (`id`)
) ENGINE=InnoDB  DEFAULT CHARSET=latin1 AUTO_INCREMENT=7 ;

--
-- Dumping data for table `class_examinations`
--

INSERT INTO `class_examinations` (`id`, `examination_id`, `teacher_id`, `class_id`, `school_id`, `year`, `date`, `max_mark`, `status`, `created`, `modified`) VALUES
(4, 1, 32, 1, 1, 2016, '2016-09-06', 100.00, 1, '2016-09-06 04:03:55', '2016-09-06 16:03:55'),
(5, 2, 32, 1, 1, 2016, '2016-08-17', 2000.00, 1, '2016-08-18 04:29:26', '2016-08-18 16:29:26'),
(6, 3, 32, 1, 1, 2016, '2016-09-06', 100.00, 1, '2016-09-06 04:04:16', '2016-09-06 16:04:16');

-- --------------------------------------------------------

--
-- Table structure for table `councellers`
--

CREATE TABLE IF NOT EXISTS `councellers` (
  `id` int(11) NOT NULL AUTO_INCREMENT,
  `user_id` int(11) DEFAULT NULL,
  `school_id` int(11) DEFAULT NULL,
  `photo` varchar(255) DEFAULT NULL,
  `details` text,
  `subject` varchar(255) DEFAULT NULL,
  `status` tinyint(2) DEFAULT '1',
  `created` datetime DEFAULT NULL,
  PRIMARY KEY (`id`)
) ENGINE=InnoDB  DEFAULT CHARSET=latin1 AUTO_INCREMENT=2 ;

--
-- Dumping data for table `councellers`
--

INSERT INTO `councellers` (`id`, `user_id`, `school_id`, `photo`, `details`, `subject`, `status`, `created`) VALUES
(1, 1, 1, '3f36d9dfea79da3fe889f458d1271433.png', 'he lives in janakpuri', 'Alumini since last 5 year', 1, NULL);

-- --------------------------------------------------------

--
-- Table structure for table `counceller_appontments`
--

CREATE TABLE IF NOT EXISTS `counceller_appontments` (
  `id` int(11) NOT NULL AUTO_INCREMENT,
  `counceller_id` int(11) DEFAULT NULL,
  `user_id` int(11) DEFAULT NULL,
  `date` date DEFAULT NULL,
  `status` tinyint(2) DEFAULT '1',
  `created` datetime DEFAULT NULL,
  PRIMARY KEY (`id`)
) ENGINE=InnoDB  DEFAULT CHARSET=latin1 AUTO_INCREMENT=21 ;

--
-- Dumping data for table `counceller_appontments`
--

INSERT INTO `counceller_appontments` (`id`, `counceller_id`, `user_id`, `date`, `status`, `created`) VALUES
(1, 1, 4, '2016-05-05', 1, '2016-05-05 17:40:13'),
(2, 1, 4, '2016-05-05', 1, '2016-05-05 18:06:44'),
(3, 1, 4, '2016-05-06', 1, '2016-05-05 18:40:45'),
(4, 1, 4, '2016-05-11', 1, '2016-05-11 16:04:48'),
(5, 1, 1, '2016-05-13', 1, '2016-05-13 07:07:48'),
(6, 1, 32, '2016-06-13', 1, '2016-06-13 11:57:41'),
(7, 1, 37, '2016-06-13', 1, '2016-06-13 13:21:30'),
(9, 1, 32, '2016-06-26', 1, '2016-06-26 07:17:31'),
(10, 1, 37, '2016-06-29', 1, '2016-06-29 11:46:35'),
(11, 1, 32, '2016-07-17', 1, '2016-07-17 10:17:24'),
(12, 1, 1, '2016-08-29', 1, '2016-08-29 17:30:45'),
(13, 1, 1, '2016-08-29', 1, '2016-08-29 17:35:42'),
(14, 1, 1, '2016-08-29', 1, '2016-08-29 18:17:29'),
(15, 1, 1, '2016-08-30', 1, '2016-08-29 18:33:25'),
(16, 1, 1, '2016-08-30', 1, '2016-08-30 17:45:41'),
(17, 1, 1, '2016-09-08', 1, '2016-09-08 17:02:40'),
(18, 1, 1, '2016-09-08', 1, '2016-09-08 17:03:44'),
(19, 1, 1, '2016-09-08', 1, '2016-09-08 17:04:49'),
(20, 1, 37, '2016-09-10', 1, '2016-09-10 10:38:45');

-- --------------------------------------------------------

--
-- Table structure for table `examinations`
--

CREATE TABLE IF NOT EXISTS `examinations` (
  `id` int(11) NOT NULL AUTO_INCREMENT,
  `type` varchar(255) DEFAULT NULL,
  `status` tinyint(2) DEFAULT '1',
  PRIMARY KEY (`id`)
) ENGINE=InnoDB  DEFAULT CHARSET=latin1 AUTO_INCREMENT=4 ;

--
-- Dumping data for table `examinations`
--

INSERT INTO `examinations` (`id`, `type`, `status`) VALUES
(1, 'Quaterly', 1),
(2, 'Half  Yearly', 1),
(3, 'Annually', 1);

-- --------------------------------------------------------

--
-- Table structure for table `extra_activities`
--

CREATE TABLE IF NOT EXISTS `extra_activities` (
  `id` int(11) NOT NULL AUTO_INCREMENT,
  `school_id` int(11) DEFAULT NULL,
  `date` date DEFAULT NULL,
  `title` varchar(255) DEFAULT NULL,
  `detail` text,
  `status` tinyint(2) DEFAULT '1',
  `created` datetime DEFAULT NULL,
  `modified` datetime DEFAULT NULL,
  PRIMARY KEY (`id`)
) ENGINE=InnoDB  DEFAULT CHARSET=latin1 AUTO_INCREMENT=11 ;

--
-- Dumping data for table `extra_activities`
--

INSERT INTO `extra_activities` (`id`, `school_id`, `date`, `title`, `detail`, `status`, `created`, `modified`) VALUES
(1, 1, '2016-08-29', 'Extrw', 'Hlchoc', 1, '2016-05-12 04:26:00', '2016-08-29 06:20:16'),
(2, 1, '2016-08-29', 'Vvv', '', 1, '2016-05-12 04:27:14', '2016-08-29 06:20:39'),
(3, 1, '2016-05-14', 'third', NULL, 1, '2016-05-14 08:32:03', '2016-05-14 08:32:03'),
(4, 1, '2016-05-14', 'fourth', NULL, 1, '2016-05-14 08:32:47', '2016-05-14 08:32:47'),
(5, 1, '2016-05-14', 'fiiifth', NULL, 1, '2016-05-14 08:33:49', '2016-05-14 08:33:49'),
(6, 1, '2016-05-14', 'ffff', NULL, 1, '2016-05-14 08:41:16', '2016-05-14 08:41:16'),
(7, 1, '2016-05-14', 'ezxxx', NULL, 1, '2016-05-14 08:42:55', '2016-05-14 08:43:12'),
(8, 1, '2016-05-14', 'xxxxxxxx', NULL, 1, '2016-05-14 08:48:04', '2016-05-14 08:48:04'),
(9, 1, '2016-08-30', 'Kkkkkkkkk', 'Llllllll', 1, '2016-05-14 09:05:08', '2016-08-30 05:46:46'),
(10, 1, '2016-08-29', 'hey', '', 1, '2016-08-29 06:21:05', '2016-08-29 06:21:05');

-- --------------------------------------------------------

--
-- Table structure for table `extra_activity_images`
--

CREATE TABLE IF NOT EXISTS `extra_activity_images` (
  `id` int(11) NOT NULL AUTO_INCREMENT,
  `extra_activity_id` int(11) DEFAULT NULL,
  `photo` varchar(255) DEFAULT NULL,
  `status` tinyint(2) DEFAULT '1',
  `created` datetime DEFAULT NULL,
  PRIMARY KEY (`id`)
) ENGINE=InnoDB  DEFAULT CHARSET=latin1 AUTO_INCREMENT=12 ;

--
-- Dumping data for table `extra_activity_images`
--

INSERT INTO `extra_activity_images` (`id`, `extra_activity_id`, `photo`, `status`, `created`) VALUES
(7, 1, '6bb164495e6adfc48aae2098918be768.jpeg', 1, '2016-08-27 04:08:06'),
(8, 1, '7072de3d83fa1feee85888a20162bb2b.jpeg', 1, '2016-08-29 17:11:42'),
(9, 2, '787eee440dbd8bea10cbdece19f988a1.jpeg', 1, '2016-08-29 18:20:39'),
(10, 10, '5d5d9a32a0ea586452e73dbe85d72f40.jpeg', 1, '2016-08-29 18:21:05'),
(11, 9, '0a4c16bf35352ebb3221b41cf3f8bb04.jpeg', 1, '2016-08-30 17:46:46');

-- --------------------------------------------------------

--
-- Table structure for table `galleries`
--

CREATE TABLE IF NOT EXISTS `galleries` (
  `id` int(11) NOT NULL AUTO_INCREMENT,
  `school_id` int(11) DEFAULT NULL,
  `files` varchar(255) DEFAULT NULL,
  `types` varchar(100) DEFAULT NULL,
  `detail` text,
  `status` tinyint(2) DEFAULT '1',
  `created` datetime DEFAULT NULL,
  PRIMARY KEY (`id`)
) ENGINE=InnoDB  DEFAULT CHARSET=latin1 AUTO_INCREMENT=30 ;

--
-- Dumping data for table `galleries`
--

INSERT INTO `galleries` (`id`, `school_id`, `files`, `types`, `detail`, `status`, `created`) VALUES
(1, 1, 'eb59b6649fbe45e4befacfb6a829aed9.jpeg', 'photo', 'Fun time !!', 1, '2016-09-06 04:38:19'),
(2, 1, '7f8a91705c32d01d3560ab1f563e144c.jpeg', 'photo', 'Class room !!', 1, '2016-09-06 04:39:07'),
(3, 1, '557b3028ac92a680c058f2868f7a53eb.jpeg', 'photo', 'Enjoy with Santa Claus :)', 1, '2016-09-06 04:41:06'),
(13, 1, 'e4dd414c38d84abc3a745760177b1c0f.jpeg', 'photo', 'Play ground !!', 1, '2016-09-06 04:43:07'),
(14, 1, 'f581d612b101e7e18181bc79abf14716.jpeg', 'photo', 'Class room !!', 1, '2016-09-06 04:24:49'),
(15, 1, '7df82935e8058ce5510afee89a64b4f9.jpeg', 'photo', 'ckoooo', 1, '2016-09-06 04:25:49'),
(16, 1, '6a7081bc642c8aca08fa6069d0adf6d7.jpeg', 'photo', 'this is new test', 1, '2016-08-29 06:18:15'),
(17, 1, '4c8e5ed43e1392acfc32a3c23ee57aa3.jpeg', 'photo', 'Yeti system gksdyozyix todos yodel kgskstzitxotzoyxtozitzozkz', 1, '2016-08-27 06:25:25'),
(18, 1, 'f6ab99075ad86064b58e30e9fd17a1ac.jpeg', 'photo', 'Work station ????????????????????????????????????????????????????????????', 1, '2016-08-27 06:29:53'),
(19, 1, '7d2d4e5683c3c2616bab3c75efa7b24b.mp4', 'video', '', 1, '2016-06-17 07:32:46'),
(20, 1, '60dc7b0685bc7221a949a12541a9a377.', 'video', 'coool', 1, '2016-08-27 06:30:46'),
(21, 1, 'dfa1b39574f26886962b109f4aea585c.jpeg', 'photo', 'Did gkvivi', 1, '2016-08-27 06:31:42'),
(22, 1, '656e21da27ceb1b9046abdadf29888f9.', 'video', 'Me ??', 1, '2016-08-30 05:43:23'),
(23, 1, 'fb8ad0e5fcbfa8786f9db8f6aee9fd24.mp4', 'video', 'this is video test', 1, '2016-06-21 08:50:55'),
(24, 1, '604d488ea21f8c69b33410787fc5c383.jpeg', 'photo', 'Hey hello', 1, '2016-08-27 06:37:01'),
(25, 1, 'cffcf1f5ac395635156772cf94f3cf84.jpeg', 'photo', 'Hi\n', 1, '2016-08-27 06:33:24'),
(26, 1, '8194f04bb803707bbd320e0ce3138b5e.jpeg', 'photo', 'Stars ', 1, '2016-08-27 06:35:40'),
(27, 1, '2ea5c9b1464ce4d16031e7d991ec88e8.', 'video', 'Check this \n', 1, '2016-08-27 06:38:33'),
(28, 1, '45aa94a76707756120bc22060dd8e7b5.jpeg', 'photo', 'Hi', 1, '2016-09-04 08:03:12'),
(29, 1, 'c33d0171f24578818117269f14340ce1.jpeg', 'photo', 'Hi\n', 1, '2016-09-06 04:06:37');

-- --------------------------------------------------------

--
-- Table structure for table `groups`
--

CREATE TABLE IF NOT EXISTS `groups` (
  `id` int(11) NOT NULL AUTO_INCREMENT,
  `group_name` varchar(255) NOT NULL,
  `status` tinyint(1) NOT NULL DEFAULT '1',
  PRIMARY KEY (`id`)
) ENGINE=InnoDB  DEFAULT CHARSET=latin1 AUTO_INCREMENT=6 ;

--
-- Dumping data for table `groups`
--

INSERT INTO `groups` (`id`, `group_name`, `status`) VALUES
(1, 'Admin', 1),
(2, 'Parent', 1),
(3, 'Teacher', 1),
(4, 'Staff', 1),
(5, 'Student', 1);

-- --------------------------------------------------------

--
-- Table structure for table `holidays`
--

CREATE TABLE IF NOT EXISTS `holidays` (
  `id` int(11) NOT NULL AUTO_INCREMENT,
  `day` tinyint(3) DEFAULT NULL,
  `month` tinyint(3) DEFAULT NULL,
  `year` int(6) DEFAULT NULL,
  `date` date DEFAULT NULL,
  `school_id` int(11) DEFAULT NULL,
  `status` tinyint(2) DEFAULT '1',
  PRIMARY KEY (`id`)
) ENGINE=InnoDB  DEFAULT CHARSET=latin1 AUTO_INCREMENT=8 ;

--
-- Dumping data for table `holidays`
--

INSERT INTO `holidays` (`id`, `day`, `month`, `year`, `date`, `school_id`, `status`) VALUES
(1, 26, 4, 2016, '2016-04-26', 1, 1),
(2, 15, 4, 2016, '2016-04-15', 1, 1),
(3, 28, 4, 2016, '2016-04-28', 2, 1),
(4, 8, 5, 2016, '2016-05-08', 1, 1),
(5, 27, 5, 2016, '2016-05-27', 1, 1),
(6, 15, 6, 2016, '2016-06-15', 2, 1),
(7, 10, 7, 2016, '2016-07-10', 1, 1);

-- --------------------------------------------------------

--
-- Table structure for table `homeworks`
--

CREATE TABLE IF NOT EXISTS `homeworks` (
  `id` int(11) NOT NULL AUTO_INCREMENT,
  `teacher_id` int(11) DEFAULT NULL,
  `class_id` int(11) DEFAULT NULL,
  `school_id` int(11) DEFAULT NULL,
  `text` text,
  `date` date DEFAULT NULL,
  `created` datetime DEFAULT NULL,
  `modified` datetime DEFAULT NULL,
  PRIMARY KEY (`id`)
) ENGINE=InnoDB  DEFAULT CHARSET=latin1 AUTO_INCREMENT=61 ;

--
-- Dumping data for table `homeworks`
--

INSERT INTO `homeworks` (`id`, `teacher_id`, `class_id`, `school_id`, `text`, `date`, `created`, `modified`) VALUES
(1, 4, 1, 1, 'Englisg work', '2016-04-30', '2016-04-30 08:13:48', '2016-04-30 08:13:48'),
(2, 4, 1, 1, 'Englis hindi work to do', '2016-04-30', '2016-04-30 08:40:25', '2016-04-30 08:40:25'),
(3, 4, 1, 1, 'this is test', '2016-04-29', '2016-04-30 10:34:06', '2016-04-30 10:34:06'),
(4, 4, 1, 1, 'Englis hindi work to do', '2016-04-30', '2016-04-30 01:47:06', '2016-04-30 01:47:06'),
(5, 4, 1, 1, 'android.support.v7.widget.AppCompatEditText{168a081b VFED..CL .F...... 24,16-696,256 #7f0d007a app:id/etHomeWorkText}', '2016-05-01', '2016-05-01 06:09:32', '2016-05-01 06:09:32'),
(6, 4, 1, 1, 'android.support.v7.widget.AppCompatEditText{5fc5cc1 VFED..CL .F...... 24,16-696,256 #7f0d007a app:id/etHomeWorkText}', '2016-05-01', '2016-05-01 06:13:44', '2016-05-01 06:13:44'),
(7, 4, 1, 1, 'any help would be great', '2016-05-01', '2016-05-01 09:49:43', '2016-05-01 09:49:43'),
(8, 4, 1, 1, 'engkisg', '2016-05-01', '2016-05-01 09:55:29', '2016-05-01 09:55:29'),
(9, 4, 1, 1, 'please add some hone work', '2016-05-01', '2016-05-01 10:16:32', '2016-05-01 10:16:32'),
(10, 4, 1, 1, 'great good work', '2016-05-01', '2016-05-01 10:19:04', '2016-05-01 10:19:04'),
(11, 4, 1, 1, 'this is test', '2016-04-29', '2016-05-01 10:51:33', '2016-05-01 10:53:45'),
(12, 4, 1, 1, 'cooooooool', '2016-05-01', '2016-05-01 10:58:33', '2016-05-01 10:58:33'),
(13, 4, 1, 1, 'android.support.v7.widget.AppCompatEditText{5fc5cc1 VFED..CL .F...... 24,16-696,256 #7f0d007a app:id/etHomeWorkText}', '2016-05-01', '2016-05-01 11:19:51', '2016-05-01 11:19:51'),
(14, 4, 1, 1, 'math work edited now', '2016-05-01', '2016-05-01 11:25:47', '2016-05-01 11:32:19'),
(15, 4, 1, 1, 'second class great work', '2016-05-01', '2016-05-01 11:33:24', '2016-05-01 11:33:24'),
(16, 4, 1, 1, 'Englis hindi work to do', '2016-04-30', '2016-05-01 02:43:29', '2016-05-01 02:43:29'),
(17, 4, 1, 1, 'please learn chap 1', '2016-05-02', '2016-05-02 03:43:50', '2016-05-02 03:43:50'),
(18, 4, 1, 1, 'this to inform your wRd thatyou have to sumit', '2016-05-04', '2016-05-03 07:53:39', '2016-05-04 06:39:32'),
(19, 4, 1, 1, 'go to homensnnsjbsbbsbbbabsbbsbbs bsnbs jx nshs. snx jjs s. sjs snjs d. sjs d. sj s xbs s js. s sjd d ns xn x sj sjs. sjd. xjs x us sb dhns s. xhd s. dhd s js sbs shs. xbs sjs s', '2016-05-04', '2016-05-03 07:54:27', '2016-05-03 07:54:27'),
(20, 4, 1, 1, 'match', '2016-05-04', '2016-05-04 06:27:27', '2016-05-04 06:27:27'),
(21, 4, 1, 1, 'class 1', '2016-05-20', '2016-05-19 07:38:18', '2016-05-19 08:04:23'),
(22, 32, 1, 1, 'this is first rest', '2016-06-13', '2016-06-13 11:45:24', '2016-06-13 11:45:24'),
(23, 32, 2, 1, 'this is again test', '2016-06-13', '2016-06-13 11:47:48', '2016-06-13 11:47:48'),
(24, 32, 1, 1, 'this is second test', '2016-06-13', '2016-06-13 01:57:54', '2016-06-13 01:57:54'),
(25, 32, 1, 1, 'this hhh fdf', '2016-06-13', '2016-06-13 02:01:03', '2016-06-13 02:01:03'),
(26, 32, 1, 1, 'test', '2016-06-13', '2016-06-13 04:15:13', '2016-06-13 04:15:13'),
(27, 32, 1, 1, 'test2', '2016-06-13', '2016-06-13 04:15:49', '2016-06-13 04:15:49'),
(28, 32, 1, 1, 'coool', '2016-06-13', '2016-06-13 04:18:44', '2016-06-13 04:18:44'),
(29, 33, 1, 1, 'comol', '2016-06-15', '2016-06-15 04:32:24', '2016-06-15 04:32:24'),
(30, 33, 1, 1, 'cool app', '2016-06-15', '2016-06-15 04:45:05', '2016-06-15 04:45:05'),
(31, 33, 1, 1, 'great', '2016-06-15', '2016-06-15 04:45:30', '2016-06-15 04:45:30'),
(32, 33, 1, 1, 'great', '2016-06-15', '2016-06-15 04:45:31', '2016-06-15 04:45:31'),
(33, 33, 1, 1, 'sec', '2016-06-15', '2016-06-15 04:46:02', '2016-06-15 04:46:02'),
(34, 33, 4, 1, 'gvg', '2016-06-15', '2016-06-15 04:49:26', '2016-06-15 04:49:26'),
(35, 36, 1, 2, 'first work', '2016-06-18', '2016-06-17 07:07:09', '2016-06-17 07:07:09'),
(36, 36, 1, 2, 'secomd work', '2016-06-18', '2016-06-17 07:07:35', '2016-06-17 07:07:35'),
(37, 36, 2, 2, 'first', '2016-06-18', '2016-06-17 07:08:02', '2016-06-17 07:08:02'),
(38, 36, 1, 2, 'cool', '2016-06-18', '2016-06-17 07:09:52', '2016-06-17 07:09:52'),
(39, 32, 1, 1, 'first', '2016-06-17', '2016-06-17 07:18:00', '2016-06-17 07:18:00'),
(40, 32, 1, 1, 'gggg', '2016-06-18', '2016-06-17 07:21:42', '2016-06-17 07:21:42'),
(41, 36, 1, 2, 'Ruth Bhutan', '2016-06-21', '2016-06-21 08:44:49', '2016-06-21 08:44:49'),
(42, 32, 1, 1, 'this is again test', '2016-06-21', '2016-06-21 08:46:33', '2016-06-21 08:46:33'),
(43, 32, 1, 1, 'good', '2016-06-26', '2016-06-26 07:15:20', '2016-06-26 07:15:20'),
(44, 32, 1, 1, 'complete all assigned home work.', '2016-07-23', '2016-07-23 03:25:48', '2016-07-23 03:25:48'),
(45, 32, 1, 1, 'hey check your all home work today at the end, and let me know your work done ???', '2016-08-25', '2016-07-23 04:29:35', '2016-08-25 03:47:59'),
(46, 32, 1, 1, 'the home work app - your class assignment $ time able planner , just about all families expect children to contribute ????????', '2016-07-23', '2016-07-23 04:32:56', '2016-07-23 04:32:56'),
(47, 32, 1, 1, 'hello', '2016-08-06', '2016-08-06 06:36:45', '2016-08-06 06:36:45'),
(48, 32, 1, 1, 'hey', '2016-08-25', '2016-08-25 06:49:49', '2016-08-25 06:49:49'),
(49, 32, 1, 1, 'Hi check ', '2016-08-26', '2016-08-25 07:07:55', '2016-08-26 06:25:42'),
(50, 32, 1, 1, 'Hi check this ', '2016-08-26', '2016-08-25 07:13:14', '2016-08-25 07:13:14'),
(51, 32, 1, 1, 'Hi', '2016-08-26', '2016-08-25 07:13:53', '2016-08-25 07:13:53'),
(52, 32, 1, 1, 'Done', '2016-08-26', '2016-08-25 07:17:52', '2016-08-25 07:17:52'),
(53, 32, 1, 1, 'Okay', '2016-08-26', '2016-08-25 07:18:32', '2016-08-25 07:18:32'),
(54, 32, 6, 1, 'Gege jhdghsdgsahjgdjasd', '2016-08-28', '2016-08-28 06:15:30', '2016-08-29 05:10:01'),
(55, 32, 1, 1, 'Okay', '2016-08-28', '2016-08-28 09:35:29', '2016-08-29 04:53:04'),
(56, 32, 1, 1, 'Hello', '2016-08-28', '2016-08-29 05:10:18', '2016-08-29 05:10:18'),
(57, 32, 1, 1, 'Cfhshsh', '2016-08-29', '2016-08-29 06:11:08', '2016-08-29 06:35:03'),
(58, 32, 1, 1, 'Okay', '2016-08-30', '2016-08-29 06:13:11', '2016-08-29 06:13:11'),
(59, 32, 1, 1, 'Hello', '2016-08-29', '2016-08-29 06:35:44', '2016-08-29 06:35:44'),
(60, 32, 1, 1, 'Hi', '2016-09-06', '2016-09-06 04:05:19', '2016-09-06 04:05:19');

-- --------------------------------------------------------

--
-- Table structure for table `homework_files`
--

CREATE TABLE IF NOT EXISTS `homework_files` (
  `id` int(11) NOT NULL AUTO_INCREMENT,
  `homework_id` int(11) DEFAULT NULL,
  `files` varchar(255) DEFAULT NULL,
  `types` varchar(100) DEFAULT NULL,
  `status` tinyint(2) DEFAULT '1',
  PRIMARY KEY (`id`)
) ENGINE=InnoDB  DEFAULT CHARSET=latin1 AUTO_INCREMENT=52 ;

--
-- Dumping data for table `homework_files`
--

INSERT INTO `homework_files` (`id`, `homework_id`, `files`, `types`, `status`) VALUES
(1, 3, '7f506c765c3012b135c18da6a7df5e9b.png', 'photo', 1),
(2, 3, 'c0cfd8a4a58d6e2417cc186f22ed16a6.png', 'photo', 1),
(3, 3, '5d94fa2db829f24f9238b4a36dc88983.png', 'video', 1),
(4, 3, '50eadc24cc3ab5f2fbff114be0d4c7ec.png', 'video', 1),
(5, 4, '9fe32f774825e3dd28776b7426951f7d.jpg', 'photo', 1),
(6, 5, '12549903308fcd6e1c443c0551de5ac2.jpeg', 'photo', 1),
(7, 5, '1204abc7190f1905d8c93d0ba5a87c03.jpeg', 'photo', 1),
(8, 6, '89798f2f90221f85eef5a35bb07389ad.jpeg', 'photo', 1),
(9, 11, '8721a236b8c58620c2a2b0df6a4d8fd2.png', 'photo', 1),
(10, 11, '8721a236b8c58620c2a2b0df6a4d8fd2.png', 'photo', 1),
(11, 11, '5a8d7220ce51ae717b4f4be74c4afac6.png', 'video', 1),
(12, 11, '3f36d9dfea79da3fe889f458d1271433.png', 'video', 1),
(13, 11, 'ee5c365561e38d2e0796bf64e1dd781d.png', 'photo', 1),
(15, 11, '914160fa6febc52b337951be65f14e61.png', 'video', 1),
(17, 14, 'ec5948336615f8b78ad41d8a839b5550.jpeg', 'photo', 1),
(18, 14, 'f24f81142b3e1451a6f568144245e883.jpeg', 'photo', 1),
(19, 14, 'cb311f85c75bcc8358d0a063e7a59595.jpeg', 'photo', 1),
(20, 15, 'ac4fac17fd4814c3d11ecdc852b3fbb0.jpeg', 'photo', 1),
(21, 15, 'ecb955cf4f3675ad7c8ec178c261f9cc.jpeg', 'photo', 1),
(22, 15, '91d56e1d758a6525ecaf702a6e63aacd.jpeg', 'photo', 1),
(23, 16, '238ed4ac3738b57606bb06ad4d3599ae.mp4', 'video', 1),
(24, 17, 'de151f2b378db8699b9da55950442c0d.jpeg', 'photo', 1),
(25, 18, 'e229d2366ddfa6d7c6ae0482b1a8043e.jpeg', 'photo', 1),
(26, 18, '799fba301400f45cc665a5836f78da89.jpeg', 'photo', 1),
(27, 20, '3c8065238342cbcb7952a7971b4809a6.jpeg', 'photo', 1),
(28, 18, '8cf87cc2917eb25c2ed80a45f55a637c.jpg', 'photo', 1),
(32, 41, 'd31cd6970a67cd01b024525882f3a8cb.jpg', 'photo', 1),
(33, 44, 'a81e37a44791ec8cefd2f636d44e5535.jpeg', 'photo', 1),
(34, 44, '1ecc81bc068748a3abc64e7136a649f8.jpeg', 'photo', 1),
(36, 45, 'f5ec3f915f5ce74ffe1b2d9810ff37b1.jpeg', 'photo', 1),
(37, 48, '902c2a6d8fa8a5e5c20d8e97b9d0e204.jpeg', 'photo', 1),
(38, 48, '325523cab5066915384003c453738c72.jpeg', 'photo', 1),
(41, 51, '24d71cdd0585d352977089506793fba5.jpeg', 'photo', 1),
(42, 52, '3099e783523f729edc732769570d0b6c.jpeg', 'photo', 1),
(44, 55, '47db77dad473b4454b3490c175d40dcb.jpeg', 'photo', 1),
(46, 58, 'c5b7339df0879efc680ee0912cb4d841.jpeg', 'photo', 1),
(47, 57, 'ad8aeb32fc6b700dd706d0e0b2b5243f.jpeg', 'photo', 1),
(48, 57, '4c51eb5a343b18702ed168e5facd46b0.jpeg', 'photo', 1),
(49, 59, '5d568709758fb5e14bd895dd2370091b.jpeg', 'photo', 1),
(50, 60, '3911b941d31a87c87dfebc2d62b984f1.jpeg', 'photo', 1),
(51, 60, 'c5432496bda55b415094adaee266cce4.jpeg', 'photo', 1);

-- --------------------------------------------------------

--
-- Table structure for table `informations`
--

CREATE TABLE IF NOT EXISTS `informations` (
  `id` int(11) NOT NULL AUTO_INCREMENT,
  `information` varchar(255) NOT NULL,
  `status` tinyint(1) NOT NULL DEFAULT '1',
  PRIMARY KEY (`id`)
) ENGINE=InnoDB  DEFAULT CHARSET=latin1 AUTO_INCREMENT=4 ;

--
-- Dumping data for table `informations`
--

INSERT INTO `informations` (`id`, `information`, `status`) VALUES
(1, 'Development', 1),
(2, 'Activity', 1),
(3, 'Notification', 1);

-- --------------------------------------------------------

--
-- Table structure for table `items`
--

CREATE TABLE IF NOT EXISTS `items` (
  `id` int(11) NOT NULL AUTO_INCREMENT,
  `item` varchar(150) DEFAULT NULL,
  `status` tinyint(2) DEFAULT '1',
  PRIMARY KEY (`id`)
) ENGINE=InnoDB  DEFAULT CHARSET=latin1 AUTO_INCREMENT=3 ;

--
-- Dumping data for table `items`
--

INSERT INTO `items` (`id`, `item`, `status`) VALUES
(1, 'Uniform', 1),
(2, 'Books', 1);

-- --------------------------------------------------------

--
-- Table structure for table `marks`
--

CREATE TABLE IF NOT EXISTS `marks` (
  `id` int(11) NOT NULL AUTO_INCREMENT,
  `student_id` int(11) NOT NULL,
  `subject_id` int(11) NOT NULL,
  `year` int(6) NOT NULL,
  `term` varchar(255) NOT NULL,
  `scored_marks` double(10,2) NOT NULL,
  `total_marks` double(10,2) NOT NULL,
  `status` tinyint(1) NOT NULL DEFAULT '1',
  `created` datetime NOT NULL,
  `modified` datetime NOT NULL,
  PRIMARY KEY (`id`)
) ENGINE=InnoDB DEFAULT CHARSET=latin1 AUTO_INCREMENT=1 ;

-- --------------------------------------------------------

--
-- Table structure for table `notifications`
--

CREATE TABLE IF NOT EXISTS `notifications` (
  `id` int(11) NOT NULL AUTO_INCREMENT,
  `teacher_id` int(11) DEFAULT NULL,
  `class_id` int(11) DEFAULT NULL,
  `school_id` int(11) DEFAULT NULL,
  `text` text,
  `date` date DEFAULT NULL,
  `status` tinyint(2) DEFAULT '1',
  `created` datetime DEFAULT NULL,
  `modified` datetime DEFAULT NULL,
  PRIMARY KEY (`id`)
) ENGINE=InnoDB  DEFAULT CHARSET=latin1 AUTO_INCREMENT=19 ;

--
-- Dumping data for table `notifications`
--

INSERT INTO `notifications` (`id`, `teacher_id`, `class_id`, `school_id`, `text`, `date`, `status`, `created`, `modified`) VALUES
(1, 4, 1, 1, 'this is test', '2016-04-29', 1, '2016-05-01 04:45:04', '2016-05-01 04:45:04'),
(2, 4, 1, 1, 'first', '2016-05-01', 1, '2016-05-01 04:52:45', '2016-05-01 04:52:45'),
(6, 4, 1, 1, 'notify you', '2016-05-04', 1, '2016-05-03 08:02:30', '2016-05-03 08:02:30'),
(7, 4, 1, 1, 'hiiiiii', '2016-05-07', 1, '2016-05-06 06:33:11', '2016-05-06 06:33:11'),
(8, 4, 1, 1, 'holidY', '2016-05-20', 1, '2016-05-19 08:05:21', '2016-05-19 08:05:48'),
(9, 32, 1, 1, 'this is first test', '2016-06-13', 1, '2016-06-13 11:54:27', '2016-06-13 11:54:27'),
(10, 32, 2, 1, 'this is second test', '2016-06-13', 1, '2016-06-13 11:55:01', '2016-06-13 11:55:01'),
(11, 32, 1, 1, 'ffff', '2016-06-18', 1, '2016-06-17 07:24:58', '2016-06-17 07:24:58'),
(12, 32, 2, 1, 'dddd', '2016-06-18', 1, '2016-06-17 07:30:38', '2016-06-17 07:30:38'),
(13, 32, 1, 1, 'this is again ted', '2016-06-21', 1, '2016-06-21 08:47:55', '2016-06-21 08:47:55'),
(14, 32, 1, 1, 'check all task', '2016-07-23', 1, '2016-07-23 03:27:34', '2016-07-23 03:27:34'),
(15, 32, 2, 1, 'coool', '2016-08-06', 1, '2016-08-06 06:37:22', '2016-08-06 06:37:22'),
(16, 32, 1, 1, 'Working done', '2016-08-26', 1, '2016-08-26 05:02:36', '2016-08-26 06:32:09'),
(17, 32, 1, 1, 'Hello', '2016-08-26', 1, '2016-08-26 05:04:59', '2016-08-26 05:04:59'),
(18, 32, 1, 1, 'Heyhshshs', '2016-08-30', 1, '2016-08-29 06:43:25', '2016-08-29 06:43:36');

-- --------------------------------------------------------

--
-- Table structure for table `notification_files`
--

CREATE TABLE IF NOT EXISTS `notification_files` (
  `id` int(11) NOT NULL AUTO_INCREMENT,
  `notification_id` int(11) DEFAULT NULL,
  `files` varchar(255) DEFAULT NULL,
  `types` varchar(100) DEFAULT NULL,
  `status` tinyint(2) DEFAULT '1',
  PRIMARY KEY (`id`)
) ENGINE=InnoDB  DEFAULT CHARSET=latin1 AUTO_INCREMENT=15 ;

--
-- Dumping data for table `notification_files`
--

INSERT INTO `notification_files` (`id`, `notification_id`, `files`, `types`, `status`) VALUES
(7, 6, 'c30de34833dae81272899639d867fdd0.jpeg', 'photo', 1),
(8, 8, 'f64a1181c6f8a6dd081e6377f52c11a7.jpeg', 'photo', 1),
(10, 14, 'e2ff37e7a2cc948ea3855fa51bab2e6e.jpeg', 'photo', 1),
(11, 16, '8401a4ffba04de232a7bd25cdd866254.jpeg', 'photo', 1),
(12, 16, 'b252aa472afbc13344390fc4b2a1ca64.jpeg', 'photo', 1),
(13, 16, '24e2927e2ad45edd491249a9d37886b2.jpeg', 'photo', 1),
(14, 18, 'e5f26c965548668cbae20c484fa01166.jpeg', 'photo', 1);

-- --------------------------------------------------------

--
-- Table structure for table `ord_accesories`
--

CREATE TABLE IF NOT EXISTS `ord_accesories` (
  `id` int(11) NOT NULL AUTO_INCREMENT,
  `item_id` int(11) DEFAULT NULL,
  `date` date DEFAULT NULL,
  `parent_id` int(11) DEFAULT NULL,
  `created` datetime DEFAULT NULL,
  PRIMARY KEY (`id`)
) ENGINE=InnoDB  DEFAULT CHARSET=latin1 AUTO_INCREMENT=16 ;

--
-- Dumping data for table `ord_accesories`
--

INSERT INTO `ord_accesories` (`id`, `item_id`, `date`, `parent_id`, `created`) VALUES
(1, 1, '2016-04-13', 4, '2016-05-12 07:05:01'),
(2, 1, '2016-04-13', 4, '2016-05-12 07:09:01'),
(3, 2, '2016-05-13', 4, '2016-05-12 07:10:55'),
(4, 1, '2016-05-13', 4, '2016-05-12 07:17:03'),
(5, 1, '2016-05-13', 4, '2016-05-12 07:42:13'),
(6, 1, '2016-05-13', 1, '2016-05-13 02:02:44'),
(7, 1, '2016-05-20', 1, '2016-05-20 09:36:43'),
(8, 1, '2016-06-05', 4, '2016-06-05 08:16:41'),
(9, 1, '2016-06-13', 32, '2016-06-13 11:57:16'),
(10, 1, '2016-06-17', 37, '2016-06-17 03:55:40'),
(11, 1, '2016-06-26', 32, '2016-06-26 07:16:41'),
(12, 2, '2016-06-26', 32, '2016-06-26 07:16:56'),
(13, 2, '2016-07-17', 32, '2016-07-17 10:16:20'),
(14, 2, '2016-07-28', 37, '2016-07-28 09:11:31'),
(15, 1, '2016-07-28', 37, '2016-07-28 09:11:36');

-- --------------------------------------------------------

--
-- Table structure for table `schools`
--

CREATE TABLE IF NOT EXISTS `schools` (
  `id` int(11) NOT NULL AUTO_INCREMENT,
  `name` varchar(255) NOT NULL,
  `address` varchar(255) NOT NULL,
  `branch` varchar(255) NOT NULL,
  `description` text NOT NULL,
  `status` tinyint(1) NOT NULL DEFAULT '1',
  PRIMARY KEY (`id`)
) ENGINE=InnoDB  DEFAULT CHARSET=latin1 AUTO_INCREMENT=6 ;

--
-- Dumping data for table `schools`
--

INSERT INTO `schools` (`id`, `name`, `address`, `branch`, `description`, `status`) VALUES
(1, 'school1', 'vasant kunj', 'vasant kinj', 'this is test', 1),
(2, 'school2', 'janakpuri', 'janakpuri', 'this is second test', 1),
(3, 'school3', 'patel nagar', 'patel nagar', 'this is testing', 1),
(4, 'school4', 'sagarpur', 'sagarpur', 'this is test', 1),
(5, 'school5', 'subhash nagar', 'subhash nagar', 'this is test', 1);

-- --------------------------------------------------------

--
-- Table structure for table `student_examination_marks`
--

CREATE TABLE IF NOT EXISTS `student_examination_marks` (
  `id` int(11) NOT NULL AUTO_INCREMENT,
  `teacher_id` int(11) DEFAULT NULL,
  `examination_class_id` int(11) DEFAULT NULL,
  `subject_id` int(11) DEFAULT NULL,
  `subject` varchar(255) DEFAULT NULL,
  `student_id` int(11) DEFAULT NULL,
  `subject_max_mark` double(10,2) DEFAULT NULL,
  `student_mark` double(10,2) DEFAULT NULL,
  `status` tinyint(2) DEFAULT NULL,
  `created` datetime DEFAULT NULL,
  `modified` datetime DEFAULT NULL,
  PRIMARY KEY (`id`)
) ENGINE=InnoDB  DEFAULT CHARSET=latin1 AUTO_INCREMENT=69 ;

--
-- Dumping data for table `student_examination_marks`
--

INSERT INTO `student_examination_marks` (`id`, `teacher_id`, `examination_class_id`, `subject_id`, `subject`, `student_id`, `subject_max_mark`, `student_mark`, `status`, `created`, `modified`) VALUES
(1, 4, 1, 1, 'Math', 2, 100.00, 60.00, 1, '2016-05-19 10:19:38', '2016-05-19 10:19:38'),
(2, 4, 1, 2, 'English', 2, 100.00, 30.00, 1, '2016-05-19 10:19:59', '2016-05-19 10:19:59'),
(3, 4, 1, 3, 'Hindi', 2, 100.00, 80.00, 1, '2016-05-19 10:20:14', '2016-05-19 10:20:14'),
(4, 4, 1, 5, 'Science', 2, 100.00, 20.00, 1, '2016-05-19 04:54:35', '2016-05-19 16:54:35'),
(5, 4, 1, 7, 'Computer', 2, 100.00, 60.00, 1, '2016-05-19 04:55:46', '2016-05-19 04:55:56'),
(6, 4, 1, 1, 'Math', 2, 100.00, 20.00, 1, '2016-05-19 04:56:44', '2016-05-19 16:56:44'),
(7, 4, 2, 2, 'English', 2, 100.00, 50.00, 1, '2016-05-19 04:59:55', '2016-05-19 16:59:55'),
(8, 4, 3, 1, 'Math', 2, 200.00, 10.00, 1, '2016-05-19 05:00:50', '2016-05-19 17:00:50'),
(9, 32, 1, 1, 'Math', 2, 1000.00, 60.00, 1, '2016-06-13 11:40:00', '2016-08-18 04:01:52'),
(10, 32, 1, 1, 'Math', 6, 1000.00, 40.00, 1, '2016-06-13 11:40:00', '2016-08-18 04:01:52'),
(11, 32, 1, 1, 'Math', 7, 1000.00, 50.00, 1, '2016-06-13 11:40:00', '2016-08-18 04:01:52'),
(12, 32, 1, 1, 'Math', 8, 1000.00, 70.00, 1, '2016-06-13 11:40:00', '2016-08-18 04:01:52'),
(13, 32, 1, 2, 'English', 2, 1000.00, 60.00, 1, '2016-06-13 11:40:22', '2016-08-18 04:08:06'),
(14, 32, 1, 2, 'English', 6, 1000.00, 50.00, 1, '2016-06-13 11:40:22', '2016-08-18 04:08:06'),
(15, 32, 1, 2, 'English', 7, 1000.00, 40.00, 1, '2016-06-13 11:40:22', '2016-08-18 04:08:06'),
(16, 32, 1, 2, 'English', 8, 1000.00, 1000.00, 1, '2016-06-13 11:40:22', '2016-08-18 04:08:06'),
(17, 32, 4, 3, 'Hindi', 2, 100.00, 70.00, 1, '2016-06-13 11:40:41', '2016-06-13 11:40:41'),
(18, 32, 4, 3, 'Hindi', 6, 100.00, 60.00, 1, '2016-06-13 11:40:41', '2016-06-13 11:40:41'),
(19, 32, 4, 3, 'Hindi', 7, 100.00, 50.00, 1, '2016-06-13 11:40:41', '2016-06-13 11:40:41'),
(20, 32, 4, 3, 'Hindi', 8, 100.00, 80.00, 1, '2016-06-13 11:40:41', '2016-06-13 11:40:41'),
(21, 32, 4, 4, 'Physics', 2, 100.00, 60.00, 1, '2016-06-13 11:41:01', '2016-09-06 04:03:48'),
(22, 32, 4, 4, 'Physics', 6, 100.00, 50.00, 1, '2016-06-13 11:41:01', '2016-09-06 04:03:48'),
(23, 32, 4, 4, 'Physics', 7, 100.00, 80.00, 1, '2016-06-13 11:41:01', '2016-09-06 04:03:48'),
(24, 32, 4, 4, 'Physics', 8, 100.00, 700.00, 1, '2016-06-13 11:41:01', '2016-09-06 04:03:48'),
(25, 32, 4, 5, 'Science', 2, 100.00, 60.00, 1, '2016-06-13 11:41:15', '2016-06-13 11:41:15'),
(26, 32, 4, 5, 'Science', 6, 100.00, 50.00, 1, '2016-06-13 11:41:15', '2016-06-13 11:41:15'),
(27, 32, 4, 5, 'Science', 7, 100.00, 50.00, 1, '2016-06-13 11:41:15', '2016-06-13 11:41:15'),
(28, 32, 4, 5, 'Science', 8, 100.00, 60.00, 1, '2016-06-13 11:41:15', '2016-06-13 11:41:15'),
(29, 32, 4, 8, 'History', 2, 2000.00, 20.00, 1, '2016-07-23 03:20:57', '2016-08-19 03:07:06'),
(30, 32, 4, 8, 'History', 6, 2000.00, 30.00, 1, '2016-07-23 03:20:57', '2016-08-19 03:07:06'),
(31, 32, 4, 8, 'History', 7, 2000.00, 8.00, 1, '2016-07-23 03:20:57', '2016-08-19 03:07:06'),
(32, 32, 4, 8, 'History', 8, 2000.00, 100.00, 1, '2016-07-23 03:20:57', '2016-08-19 03:07:06'),
(33, 32, 4, 12, 'Sanskrit', 2, 100.00, 20.00, 1, '2016-07-23 03:21:51', '2016-07-23 15:21:51'),
(34, 32, 4, 12, 'Sanskrit', 6, 100.00, 25.00, 1, '2016-07-23 03:21:51', '2016-07-23 15:21:51'),
(35, 32, 4, 12, 'Sanskrit', 7, 100.00, 35.00, 1, '2016-07-23 03:21:51', '2016-07-23 15:21:51'),
(36, 32, 4, 12, 'Sanskrit', 8, 100.00, 96.00, 1, '2016-07-23 03:21:51', '2016-07-23 15:21:51'),
(37, 32, 4, 9, 'Geography', 2, 1000.00, 380.00, 1, '2016-07-23 03:22:28', '2016-07-23 15:22:29'),
(38, 32, 4, 9, 'Geography', 6, 1000.00, 2.00, 1, '2016-07-23 03:22:28', '2016-07-23 15:22:29'),
(39, 32, 4, 9, 'Geography', 7, 1000.00, 300.00, 1, '2016-07-23 03:22:28', '2016-07-23 15:22:29'),
(40, 32, 4, 9, 'Geography', 8, 1000.00, 400.00, 1, '2016-07-23 03:22:28', '2016-07-23 15:22:29'),
(41, 32, 6, 7, 'Computer', 2, 100.00, 2.00, 1, '2016-07-23 03:23:27', '2016-07-23 15:23:28'),
(42, 32, 6, 7, 'Computer', 6, 100.00, 20.00, 1, '2016-07-23 03:23:27', '2016-07-23 15:23:28'),
(43, 32, 6, 7, 'Computer', 7, 100.00, 2.00, 1, '2016-07-23 03:23:27', '2016-07-23 15:23:28'),
(44, 32, 6, 7, 'Computer', 8, 100.00, 2.00, 1, '2016-07-23 03:23:27', '2016-07-23 15:23:28'),
(45, 32, 6, 3, 'Hindi', 2, 100.00, 0.00, 1, '2016-08-17 04:48:27', '2016-08-17 04:48:27'),
(46, 32, 6, 3, 'Hindi', 6, 100.00, 0.00, 1, '2016-08-17 04:48:27', '2016-08-17 04:48:27'),
(47, 32, 6, 3, 'Hindi', 7, 100.00, 0.00, 1, '2016-08-17 04:48:27', '2016-08-17 04:48:27'),
(48, 32, 6, 3, 'Hindi', 8, 100.00, 0.00, 1, '2016-08-17 04:48:27', '2016-08-17 04:48:27'),
(49, 32, 4, 3, 'Hindi', 2, 100.00, 25.00, 1, '2016-08-17 05:34:44', '2016-08-17 17:34:44'),
(50, 32, 4, 3, 'Hindi', 6, 100.00, 36.00, 1, '2016-08-17 05:34:44', '2016-08-17 17:34:44'),
(51, 32, 4, 3, 'Hindi', 7, 100.00, 56.00, 1, '2016-08-17 05:34:44', '2016-08-17 17:34:44'),
(52, 32, 4, 3, 'Hindi', 8, 100.00, 96.00, 1, '2016-08-17 05:34:44', '2016-08-17 17:34:44'),
(53, 32, 5, 7, 'Computer', 2, 100.00, 0.00, 1, '2016-08-17 05:35:15', '2016-08-17 17:35:15'),
(54, 32, 5, 7, 'Computer', 6, 100.00, 0.00, 1, '2016-08-17 05:35:15', '2016-08-17 17:35:15'),
(55, 32, 5, 7, 'Computer', 7, 100.00, 0.00, 1, '2016-08-17 05:35:15', '2016-08-17 17:35:15'),
(56, 32, 5, 7, 'Computer', 8, 100.00, 0.00, 1, '2016-08-17 05:35:15', '2016-08-17 17:35:15'),
(57, 32, 4, 12, 'Sanskrit', 2, 2000.00, 20.00, 1, '2016-08-18 04:19:26', '2016-08-18 16:19:26'),
(58, 32, 4, 12, 'Sanskrit', 6, 2000.00, 25.00, 1, '2016-08-18 04:19:26', '2016-08-18 16:19:26'),
(59, 32, 4, 12, 'Sanskrit', 7, 2000.00, 35.00, 1, '2016-08-18 04:19:26', '2016-08-18 16:19:26'),
(60, 32, 4, 12, 'Sanskrit', 8, 2000.00, 960.00, 1, '2016-08-18 04:19:26', '2016-08-18 16:19:26'),
(61, 32, 4, 5, 'Science', 2, 100.00, 60.00, 1, '2016-08-27 05:35:13', '2016-08-27 17:35:13'),
(62, 32, 4, 5, 'Science', 6, 100.00, 50.00, 1, '2016-08-27 05:35:13', '2016-08-27 17:35:13'),
(63, 32, 4, 5, 'Science', 7, 100.00, 50.00, 1, '2016-08-27 05:35:13', '2016-08-27 17:35:13'),
(64, 32, 4, 5, 'Science', 8, 100.00, 60.00, 1, '2016-08-27 05:35:13', '2016-08-27 17:35:13'),
(65, 32, 4, 1, 'Math', 2, 100.00, 20.00, 1, '2016-08-28 04:30:33', '2016-08-28 04:30:33'),
(66, 32, 4, 1, 'Math', 6, 100.00, 50.00, 1, '2016-08-28 04:30:33', '2016-08-28 04:30:33'),
(67, 32, 4, 1, 'Math', 7, 100.00, 5.00, 1, '2016-08-28 04:30:33', '2016-08-28 04:30:33'),
(68, 32, 4, 1, 'Math', 8, 100.00, 20.00, 1, '2016-08-28 04:30:33', '2016-08-28 04:30:33');

-- --------------------------------------------------------

--
-- Table structure for table `student_marks`
--

CREATE TABLE IF NOT EXISTS `student_marks` (
  `id` int(11) NOT NULL AUTO_INCREMENT,
  `subject_mark_id` int(11) DEFAULT NULL,
  `student_id` int(11) DEFAULT NULL,
  `marks` double(10,2) DEFAULT NULL,
  `status` tinyint(2) DEFAULT '1',
  `created` datetime DEFAULT NULL,
  PRIMARY KEY (`id`)
) ENGINE=InnoDB  DEFAULT CHARSET=latin1 AUTO_INCREMENT=125 ;

--
-- Dumping data for table `student_marks`
--

INSERT INTO `student_marks` (`id`, `subject_mark_id`, `student_id`, `marks`, `status`, `created`) VALUES
(5, 2, 2, 11.00, 1, '2016-05-18 08:39:02'),
(6, 2, 3, 9.00, 1, '2016-05-18 08:39:02'),
(20, 63, 2, 50.00, 1, '2016-04-30 08:44:46'),
(21, 63, 3, 50.00, 1, '2016-04-30 08:44:46'),
(24, 70, 2, 30.00, 1, '2016-04-30 08:04:55'),
(25, 70, 3, 20.00, 1, '2016-04-30 08:04:55'),
(36, 81, 2, 20.00, 1, '2016-05-27 06:18:19'),
(37, 81, 4, 50.00, 1, '2016-05-27 06:18:19'),
(38, 83, 2, 50.00, 1, '0000-00-00 00:00:00'),
(39, 83, 4, 20.00, 1, '0000-00-00 00:00:00'),
(40, 85, 2, 10.00, 1, '0000-00-00 00:00:00'),
(41, 85, 4, 20.00, 1, '0000-00-00 00:00:00'),
(42, 86, 2, 50.00, 1, '0000-00-00 00:00:00'),
(43, 86, 4, 52.00, 1, '0000-00-00 00:00:00'),
(44, 87, 2, 40.00, 1, '0000-00-00 00:00:00'),
(45, 87, 4, 60.00, 1, '0000-00-00 00:00:00'),
(46, 88, 1, 20.00, 1, '2016-04-30 08:05:18'),
(47, 88, 2, 50.00, 1, '2016-04-30 08:05:18'),
(48, 88, 4, 30.00, 1, '2016-04-30 08:05:18'),
(49, 90, 1, 50.00, 1, '2016-05-17 11:19:28'),
(50, 90, 2, 68.00, 1, '2016-05-17 11:19:28'),
(51, 90, 4, 60.00, 1, '2016-05-17 11:19:28'),
(52, 92, 1, 10.00, 1, '2016-05-17 04:11:48'),
(53, 92, 2, 20.00, 1, '2016-05-17 04:11:48'),
(54, 92, 4, 30.00, 1, '2016-05-17 04:11:48'),
(55, 101, 1, 0.00, 1, '2016-05-17 07:16:42'),
(56, 101, 2, 0.00, 1, '2016-05-17 07:16:42'),
(57, 101, 4, 0.00, 1, '2016-05-17 07:16:42'),
(58, 110, 1, 20.00, 1, '2016-05-18 04:21:00'),
(59, 110, 2, 0.00, 1, '2016-05-18 04:21:00'),
(60, 110, 4, 55.00, 1, '2016-05-18 04:21:00'),
(61, 111, 2, 24.00, 1, '2016-09-06 04:03:09'),
(62, 111, 6, 55.00, 1, '2016-09-06 04:03:09'),
(63, 111, 7, 95.00, 1, '2016-09-06 04:03:09'),
(64, 111, 8, 50.00, 1, '2016-09-06 04:03:09'),
(65, 115, 2, 50.00, 1, '2016-07-17 10:12:06'),
(66, 115, 6, 0.00, 1, '2016-07-17 10:12:06'),
(67, 115, 7, 50.00, 1, '2016-07-17 10:12:06'),
(68, 115, 8, 0.00, 1, '2016-07-17 10:12:06'),
(69, 118, 3, 10.00, 1, '2016-08-06 03:45:18'),
(70, 118, 4, 0.00, 1, '2016-08-06 03:45:18'),
(71, 118, 5, 0.00, 1, '2016-08-06 03:45:18'),
(72, 118, 9, 0.00, 1, '2016-08-06 03:45:18'),
(73, 120, 3, 15.00, 1, '2016-08-11 03:40:21'),
(74, 120, 4, 0.00, 1, '2016-08-11 03:40:21'),
(75, 120, 5, 50.00, 1, '2016-08-11 03:40:21'),
(76, 120, 9, 90.00, 1, '2016-08-11 03:40:21'),
(77, 140, 3, 0.00, 1, '2016-08-16 01:38:21'),
(78, 140, 4, 0.00, 1, '2016-08-16 01:38:21'),
(79, 140, 5, 0.00, 1, '2016-08-16 01:38:21'),
(80, 140, 9, 0.00, 1, '2016-08-16 01:38:21'),
(81, 145, 2, 20.00, 1, '2016-08-18 04:30:45'),
(82, 145, 6, 200.00, 1, '2016-08-18 04:30:45'),
(83, 145, 7, 200.00, 1, '2016-08-18 04:30:45'),
(84, 145, 8, 200.00, 1, '2016-08-18 04:30:45'),
(85, 146, 2, 100.00, 1, '2016-08-18 04:32:48'),
(86, 146, 6, 20.00, 1, '2016-08-18 04:32:48'),
(87, 146, 7, 20.00, 1, '2016-08-18 04:32:48'),
(88, 146, 8, 10.00, 1, '2016-08-18 04:32:48'),
(89, 147, 2, 100.00, 1, '2016-08-18 04:43:34'),
(90, 147, 6, 2.00, 1, '2016-08-18 04:43:34'),
(91, 147, 7, 10.00, 1, '2016-08-18 04:43:34'),
(92, 147, 8, 10.00, 1, '2016-08-18 04:43:34'),
(93, 148, 2, 24.00, 1, '2016-08-19 03:54:51'),
(94, 148, 6, 34.00, 1, '2016-08-19 03:54:51'),
(95, 148, 7, 25.00, 1, '2016-08-19 03:54:51'),
(96, 148, 8, 37.00, 1, '2016-08-19 03:54:51'),
(97, 149, 2, 25.00, 1, '2016-08-27 05:32:59'),
(98, 149, 6, 42.00, 1, '2016-08-27 05:32:59'),
(99, 149, 7, 85.00, 1, '2016-08-27 05:32:59'),
(100, 149, 8, 25.00, 1, '2016-08-27 05:32:59'),
(101, 150, 2, 12.00, 1, '2016-08-27 05:34:05'),
(102, 150, 6, 32.00, 1, '2016-08-27 05:34:05'),
(103, 150, 7, 24.00, 1, '2016-08-27 05:34:05'),
(104, 150, 8, 66.00, 1, '2016-08-27 05:34:05'),
(105, 153, 2, 200.00, 1, '2016-08-28 09:33:30'),
(106, 153, 6, 388.00, 1, '2016-08-28 09:33:30'),
(107, 153, 7, 888.00, 1, '2016-08-28 09:33:30'),
(108, 153, 8, 885.00, 1, '2016-08-28 09:33:30'),
(109, 154, 2, NULL, 1, '2016-08-29 06:04:40'),
(110, 154, 6, NULL, 1, '2016-08-29 06:04:40'),
(111, 154, 7, NULL, 1, '2016-08-29 06:04:40'),
(112, 154, 8, NULL, 1, '2016-08-29 06:04:40'),
(113, 154, 2, 25.00, 1, '2016-08-29 06:04:51'),
(114, 154, 6, 32.00, 1, '2016-08-29 06:04:51'),
(115, 154, 7, 25.00, 1, '2016-08-29 06:04:51'),
(116, 154, 8, 12.00, 1, '2016-08-29 06:04:51'),
(117, 155, 2, NULL, 1, '2016-09-06 04:03:23'),
(118, 155, 6, NULL, 1, '2016-09-06 04:03:23'),
(119, 155, 7, NULL, 1, '2016-09-06 04:03:23'),
(120, 155, 8, NULL, 1, '2016-09-06 04:03:23'),
(121, 155, 2, 58.00, 1, '2016-09-06 04:03:34'),
(122, 155, 6, 38.00, 1, '2016-09-06 04:03:34'),
(123, 155, 7, 96.00, 1, '2016-09-06 04:03:34'),
(124, 155, 8, 24.00, 1, '2016-09-06 04:03:34');

-- --------------------------------------------------------

--
-- Table structure for table `subjects`
--

CREATE TABLE IF NOT EXISTS `subjects` (
  `id` int(11) NOT NULL AUTO_INCREMENT,
  `subject_name` varchar(255) NOT NULL,
  `status` tinyint(1) NOT NULL DEFAULT '1',
  PRIMARY KEY (`id`)
) ENGINE=InnoDB  DEFAULT CHARSET=latin1 AUTO_INCREMENT=34 ;

--
-- Dumping data for table `subjects`
--

INSERT INTO `subjects` (`id`, `subject_name`, `status`) VALUES
(1, 'Math', 1),
(2, 'English', 1),
(3, 'Hindi', 1),
(4, 'Physics', 1),
(5, 'Science', 1),
(6, 'GK', 1),
(7, 'Computer', 1),
(8, 'History', 1),
(9, 'Geography', 1),
(10, 'Civics', 1),
(11, 'Biology', 1),
(12, 'Sanskrit', 1);

-- --------------------------------------------------------

--
-- Table structure for table `subject_marks`
--

CREATE TABLE IF NOT EXISTS `subject_marks` (
  `id` int(11) NOT NULL AUTO_INCREMENT,
  `subject_id` int(11) DEFAULT NULL,
  `teacher_id` int(11) DEFAULT NULL,
  `class_id` int(11) DEFAULT NULL,
  `school_id` int(11) DEFAULT NULL,
  `subject_name` varchar(255) DEFAULT NULL,
  `date` date DEFAULT NULL,
  `max_mark` decimal(10,2) DEFAULT NULL,
  `status` tinyint(2) DEFAULT '1',
  `created` datetime DEFAULT NULL,
  PRIMARY KEY (`id`)
) ENGINE=InnoDB  DEFAULT CHARSET=latin1 AUTO_INCREMENT=157 ;

--
-- Dumping data for table `subject_marks`
--

INSERT INTO `subject_marks` (`id`, `subject_id`, `teacher_id`, `class_id`, `school_id`, `subject_name`, `date`, `max_mark`, `status`, `created`) VALUES
(2, 1, 4, 1, 1, 'Math', '2016-04-20', 100.00, 1, '0000-00-00 00:00:00'),
(63, 2, 4, 1, 1, 'English', '2016-04-24', 100.00, 1, '0000-00-00 00:00:00'),
(70, 2, 4, 1, 1, 'English', '2016-04-25', 100.00, 1, '0000-00-00 00:00:00'),
(81, 3, 4, 1, 1, 'Hindi', '2016-04-28', 102.00, 1, '0000-00-00 00:00:00'),
(82, 4, 4, 2, 1, 'Physics', '2016-04-30', 200.00, 1, '0000-00-00 00:00:00'),
(83, 4, 4, 1, 1, 'Physics', '2016-04-29', 300.00, 1, '0000-00-00 00:00:00'),
(84, 6, 4, 2, 1, 'GK', '2016-04-28', 100.00, 1, '0000-00-00 00:00:00'),
(85, 7, 4, 1, 1, 'Computer', '2016-04-28', 500.00, 1, '0000-00-00 00:00:00'),
(86, 10, 4, 1, 1, 'Civics', '2016-04-28', 200.00, 1, '0000-00-00 00:00:00'),
(87, 9, 4, 1, 1, 'Geography', '2016-04-28', 100.00, 1, '0000-00-00 00:00:00'),
(88, 6, 4, 1, 1, 'GK', '2016-04-30', 100.00, 1, '2016-04-30 08:05:06'),
(89, 5, 4, 2, 1, 'Science', '2016-05-17', 100.00, 1, '2016-05-17 11:16:37'),
(90, 5, 4, 1, 1, 'Science', '2016-05-17', 100.00, 1, '2016-05-17 11:17:56'),
(91, 2, 4, 2, 1, 'English', '2016-05-17', 100.00, 1, '2016-05-17 04:11:20'),
(92, 12, 4, 1, 1, 'Sanskrit', '2016-05-17', 200.00, 1, '2016-05-17 04:11:36'),
(93, 12, 4, 1, 1, 'Sanskrit', '2016-05-17', 100.00, 1, '2016-05-17 04:12:02'),
(94, 1, 4, 1, 1, 'Math', '2016-05-17', 100.00, 1, '2016-05-17 06:21:53'),
(95, 1, 4, 1, 1, 'Math', '2016-05-18', 100.00, 1, '2016-05-17 06:52:23'),
(96, 1, 4, 1, 1, 'Math', '2016-05-18', 100.00, 1, '2016-05-17 06:53:36'),
(97, 1, 4, 1, 1, 'Math', '2016-05-18', 100.00, 1, '2016-05-17 06:54:28'),
(98, 1, 4, 1, 1, 'Math', '2016-05-18', 100.00, 1, '2016-05-17 07:04:02'),
(99, 1, 4, 1, 1, 'Math', '2016-05-18', 100.00, 1, '2016-05-17 07:05:09'),
(100, 1, 4, 1, 1, 'Math', '2016-05-18', 100.00, 1, '2016-05-17 07:08:49'),
(101, 1, 4, 1, 1, 'Math', '2016-05-18', 100.00, 1, '2016-05-17 07:16:33'),
(102, 1, 4, 2, 1, 'Math', '2016-05-18', 100.00, 1, '2016-05-17 07:17:09'),
(103, 1, 4, 1, 1, 'Math', '2016-05-18', 100.00, 1, '2016-05-17 07:17:17'),
(104, 1, 4, 1, 1, 'Math', '2016-05-18', 1000.00, 1, '2016-05-17 07:17:47'),
(105, 1, 4, 1, 1, 'Math', '2016-05-18', 1000.00, 1, '2016-05-17 07:18:18'),
(106, 1, 4, 1, 1, 'Math', '2016-05-18', 100.00, 1, '2016-05-17 07:19:12'),
(107, 1, 4, 1, 1, 'Math', '2016-05-18', 100.00, 1, '2016-05-17 07:28:05'),
(108, 1, 4, 1, 1, 'Math', '2016-05-18', 100.00, 1, '2016-05-18 04:06:52'),
(109, 1, 4, 1, 1, 'Math', '2016-05-18', 100.00, 1, '2016-05-18 04:17:52'),
(110, 1, 4, 1, 1, 'Math', '2016-05-18', 100.00, 1, '2016-05-18 04:20:39'),
(111, 1, 32, 1, 1, 'Math', '2016-06-13', 100.00, 1, '2016-06-13 11:36:42'),
(112, 1, 32, 3, 1, 'Math', '2016-06-13', 100.00, 1, '2016-06-13 11:37:34'),
(113, 1, 32, 1, 1, 'Math', '2016-07-17', 100.00, 1, '2016-07-17 10:02:26'),
(114, 1, 32, 1, 1, 'Math', '2016-07-26', 100.00, 1, '2016-07-17 10:11:12'),
(115, 1, 32, 1, 1, 'Math', '2016-07-17', 100.00, 1, '2016-07-17 10:11:34'),
(116, 1, 32, 1, 1, 'Math', '2016-07-27', 100.00, 1, '2016-07-27 04:19:48'),
(117, 1, 32, 1, 1, 'Math', '2016-07-27', 100.00, 1, '2016-07-27 04:23:51'),
(118, 1, 32, 2, 1, 'Math', '2016-08-08', 100.00, 1, '2016-08-06 03:44:50'),
(119, 2, 32, 1, 1, 'English', '2016-08-25', 100.00, 1, '2016-08-11 03:39:23'),
(120, 2, 32, 2, 1, 'English', '2016-08-25', 100.00, 1, '2016-08-11 03:39:40'),
(121, 3, 32, 2, 1, 'Hindi', '0000-00-00', 100.00, 1, '2016-08-11 05:55:24'),
(122, 4, 32, 2, 1, 'Physics', '2016-08-11', 100.00, 1, '2016-08-11 05:58:11'),
(123, 4, 32, 2, 1, 'Physics', '2016-08-11', 100.00, 1, '2016-08-11 05:58:32'),
(124, 3, 32, 1, 1, 'Hindi', '2016-08-12', 100.00, 1, '2016-08-11 07:11:13'),
(125, 5, 32, 1, 1, 'Science', '2016-08-12', 100.00, 1, '2016-08-11 07:13:56'),
(126, 2, 32, 1, 1, 'English', '2016-08-12', 100.00, 1, '2016-08-11 07:19:23'),
(127, 6, 32, 1, 1, 'Gk', '2016-08-12', 100.00, 1, '2016-08-11 07:24:37'),
(128, 1, 32, 1, 1, 'Math', '2016-08-15', 20000.00, 1, '2016-08-15 03:13:02'),
(129, 3, 32, 1, 1, 'Hindi', '2016-08-15', 100.00, 1, '2016-08-15 03:17:41'),
(130, 5, 32, 1, 1, 'Science', '2016-08-15', 100.00, 1, '2016-08-15 03:19:56'),
(131, 3, 32, 3, 1, 'Hindi', '2016-08-15', 100.00, 1, '2016-08-15 03:22:16'),
(132, 6, 32, 1, 1, 'Gk', '2016-08-15', 100.00, 1, '2016-08-15 03:24:53'),
(133, 5, 32, 2, 1, 'Science', '2016-08-15', 100.00, 1, '2016-08-15 03:26:56'),
(134, 4, 32, 1, 1, 'Physics', '2016-08-15', 100.00, 1, '2016-08-15 03:30:17'),
(135, 4, 32, 3, 1, 'Physics', '2016-08-15', 100.00, 1, '2016-08-15 03:32:09'),
(136, 11, 32, 1, 1, 'Biology', '2016-08-15', 100.00, 1, '2016-08-15 03:34:25'),
(137, 1, 32, 1, 1, 'Math', '2016-08-16', 100.00, 1, '2016-08-16 06:48:06'),
(138, 2, 32, 3, 1, 'English', '2016-08-16', 100.00, 1, '2016-08-16 01:37:42'),
(139, 2, 32, 6, 1, 'English', '2016-08-16', 100.00, 1, '2016-08-16 01:37:56'),
(140, 1, 32, 2, 1, 'Math', '2016-08-15', 100.00, 1, '2016-08-16 01:38:16'),
(141, 3, 32, 1, 1, 'Hindi', '2016-08-17', 100000.00, 1, '2016-08-17 04:16:29'),
(142, 4, 32, 1, 1, 'Physics', '2016-08-18', 100.00, 1, '2016-08-17 06:32:49'),
(143, 2, 32, 2, 1, 'English', '2016-08-18', 100.00, 1, '2016-08-18 03:28:25'),
(144, 3, 32, 1, 1, 'Hindi', '2016-08-18', 100.00, 1, '2016-08-18 04:23:48'),
(145, 1, 32, 5, 1, 'Math', '2016-08-18', 10000.00, 1, '2016-08-18 04:30:29'),
(146, 10, 32, 1, 1, 'Civics', '2016-08-18', 1000.00, 1, '2016-08-18 04:32:35'),
(147, 4, 32, 2, 1, 'Physics', '2016-08-18', 100.00, 1, '2016-08-18 04:43:20'),
(148, 2, 32, 4, 1, 'English', '2016-08-19', 100.00, 1, '2016-08-19 03:54:36'),
(149, 4, 32, 2, 1, 'Physics', '2016-08-27', 100.00, 1, '2016-08-27 05:32:45'),
(150, 3, 32, 2, 1, 'Hindi', '2016-08-27', 100.00, 1, '2016-08-27 05:33:51'),
(151, 2, 32, 3, 1, 'English', '2016-08-28', 12222.00, 1, '2016-08-28 04:31:34'),
(152, 2, 32, 1, 1, 'English', '2016-08-28', 100.00, 1, '2016-08-28 05:04:45'),
(153, 8, 32, 1, 1, 'History', '2016-08-28', 2000.00, 1, '2016-08-28 09:33:17'),
(154, 2, 32, 2, 1, 'English', '2016-08-29', 10012.00, 1, '2016-08-29 06:04:34'),
(155, 2, 32, 1, 1, 'English', '2016-09-06', 100.00, 1, '2016-09-06 04:03:21'),
(156, 1, 32, 1, 1, 'Math', '2016-09-08', 100.00, 1, '2016-09-08 03:57:38');

-- --------------------------------------------------------

--
-- Table structure for table `trip_coordinations`
--

CREATE TABLE IF NOT EXISTS `trip_coordinations` (
  `id` int(11) NOT NULL AUTO_INCREMENT,
  `school_id` int(11) DEFAULT NULL,
  `date` date DEFAULT NULL,
  `title` varchar(255) DEFAULT NULL,
  `details` text,
  `status` tinyint(2) DEFAULT '1',
  `created` datetime DEFAULT NULL,
  `modified` datetime DEFAULT NULL,
  PRIMARY KEY (`id`)
) ENGINE=InnoDB  DEFAULT CHARSET=latin1 AUTO_INCREMENT=17 ;

--
-- Dumping data for table `trip_coordinations`
--

INSERT INTO `trip_coordinations` (`id`, `school_id`, `date`, `title`, `details`, `status`, `created`, `modified`) VALUES
(1, 1, '2016-09-06', 'The School program !', 'Cultural :)', 1, '2016-05-10 07:02:10', '2016-09-06 04:46:57'),
(2, 1, '2016-09-06', 'Great !!', 'Nice !!', 1, '2016-05-10 07:03:50', '2016-09-06 04:47:28'),
(3, 1, '2016-06-13', 'third third', 'third detail greay', 1, '2016-05-10 07:04:30', '2016-06-13 12:07:55'),
(5, 1, '2016-05-14', 'this is test title', NULL, 1, '2016-05-11 10:35:31', '2016-05-11 10:35:31'),
(6, 1, '2016-08-30', 'This is test title', 'This is test', 1, '2016-05-11 10:43:33', '2016-08-29 06:43:53'),
(7, 1, '2016-04-11', 'amritsar', 'geat trip', 1, '2016-05-11 03:45:49', '2016-05-11 03:45:49'),
(8, 1, '2016-04-12', 'new trip', 'great enjoyed', 1, '2016-05-12 03:20:19', '2016-05-12 03:20:19'),
(9, 1, '2016-04-12', 'coooool', 'gggggggg', 1, '2016-05-12 03:44:24', '2016-05-12 03:44:24'),
(10, 1, '2016-04-12', 'title', 'volyntwer', 1, '2016-05-12 03:59:24', '2016-05-12 03:59:24'),
(11, 1, '2016-05-14', 'cooool title', 'fggg\nhhhh\n\n\nnb\nbbb', 1, '2016-05-13 07:19:20', '2016-05-13 07:19:20'),
(12, 1, '2016-09-06', 'Coool work impresse', 'Ya really coool want to check out more', 1, '2016-05-14 06:32:05', '2016-09-06 04:28:29'),
(13, 1, '2016-05-14', 'last', 'last detaip', 1, '2016-05-14 08:30:48', '2016-05-14 08:30:48'),
(14, 1, '2016-08-27', 'This is first test', 'This is the first test', 1, '2016-06-13 12:11:08', '2016-08-27 04:05:22'),
(15, 1, '2016-08-27', 'Hello', 'Done', 1, '2016-08-27 03:53:05', '2016-08-27 03:55:56'),
(16, 1, '2016-09-06', 'new', 'Hey', 1, '2016-09-06 04:28:53', '2016-09-06 04:28:53');

-- --------------------------------------------------------

--
-- Table structure for table `trip_coordination_images`
--

CREATE TABLE IF NOT EXISTS `trip_coordination_images` (
  `id` int(11) NOT NULL AUTO_INCREMENT,
  `trip_coordination_id` int(11) DEFAULT NULL,
  `photo` varchar(255) DEFAULT NULL,
  `status` tinyint(2) DEFAULT '1',
  `created` datetime DEFAULT NULL,
  PRIMARY KEY (`id`)
) ENGINE=InnoDB  DEFAULT CHARSET=latin1 AUTO_INCREMENT=23 ;

--
-- Dumping data for table `trip_coordination_images`
--

INSERT INTO `trip_coordination_images` (`id`, `trip_coordination_id`, `photo`, `status`, `created`) VALUES
(4, 4, '49ab954b31083e9691ac4840109e8f04.png', 1, '2016-05-11 07:46:53'),
(6, 6, '49afea3677375f62ce93c61b4ecf7c74.png', 1, '2016-05-11 10:43:33'),
(7, 7, 'efc4862bb15bcb27d2aff6a86c9836b8.jpeg', 1, '2016-05-11 15:45:49'),
(9, 8, '4730755916ca42a707c12238cd73fe6c.jpeg', 1, '2016-05-12 03:20:19'),
(10, 9, 'b8f6c06e86486a8d109f3f73bcb5ac12.jpeg', 1, '2016-05-12 03:44:25'),
(11, 10, 'ae0bf7ac1ce1e5854590198feebc6cde.jpeg', 1, '2016-05-12 03:59:24'),
(14, 6, '81045d3d3075c3eceba9323eb21668ac.jpeg', 1, '2016-05-19 19:17:37'),
(18, 3, 'c35db1115741851d0b1d48a9f5dc5fc7.jpeg', 1, '2016-06-13 12:07:56'),
(19, 14, '61ee20626ea882e6fd1cb0f7bb55fc7c.jpeg', 1, '2016-08-27 04:05:22'),
(20, 12, '09480416143b4beabb67742ed8aeaf97.jpeg', 1, '2016-09-06 16:28:29'),
(21, 16, 'fa121999eb56830d07cc7b7f0b081ba5.jpeg', 1, '2016-09-06 16:28:53'),
(22, 1, '556b4a23a6541e3ae5ee3bb6476a7f14.jpeg', 1, '2016-09-06 16:46:57');

-- --------------------------------------------------------

--
-- Table structure for table `users`
--

CREATE TABLE IF NOT EXISTS `users` (
  `id` int(11) NOT NULL AUTO_INCREMENT,
  `school_id` int(11) NOT NULL DEFAULT '0',
  `class_id` int(11) DEFAULT '0',
  `parent_id` int(11) NOT NULL DEFAULT '0',
  `teacher_id` int(11) NOT NULL DEFAULT '0',
  `group_id` int(11) NOT NULL DEFAULT '4',
  `name` varchar(55) DEFAULT NULL,
  `username` varchar(55) DEFAULT NULL,
  `password` varchar(255) DEFAULT NULL,
  `email` varchar(100) DEFAULT NULL,
  `phone_no` int(15) DEFAULT NULL,
  `roll_no` varchar(12) DEFAULT NULL,
  `school_reference_no` int(12) DEFAULT NULL,
  `token` varchar(10) DEFAULT NULL,
  `device_id` varchar(255) DEFAULT NULL,
  `created` datetime DEFAULT NULL,
  `modified` datetime DEFAULT NULL,
  PRIMARY KEY (`id`)
) ENGINE=InnoDB  DEFAULT CHARSET=latin1 AUTO_INCREMENT=64 ;

--
-- Dumping data for table `users`
--

INSERT INTO `users` (`id`, `school_id`, `class_id`, `parent_id`, `teacher_id`, `group_id`, `name`, `username`, `password`, `email`, `phone_no`, `roll_no`, `school_reference_no`, `token`, `device_id`, `created`, `modified`) VALUES
(1, 1, 1, 0, 0, 2, 'Rahul', 'admin', 'b12dfe8147ac03d1e6b29ae66409d21d6fc2c60b', 'admin@dev.pmi5media.com', NULL, NULL, NULL, 'C23MFWpa', 'APA91bFRFABZspci-sNcvfxLH5pWMbCWVYXfh0l_oG_5ZU9wpVQ7Oxy_vU_iZNKjeAtHlunm6u9m8a65SDIDZFNyL3HuGa70-6xiwSMzHGpygEQpA2AqxCU', '0000-00-00 00:00:00', '2016-09-03 08:34:51'),
(2, 1, 1, 37, 32, 5, 'student1', 'student1', 'b12dfe8147ac03d1e6b29ae66409d21d6fc2c60b', 'student1@dev.pmi5media.com', NULL, '12', NULL, 'CyiuzJ8y', 'APA91bHaUj0PwYNyyf3dSq1jbwh9q2HEacFs5Z8HCfohXeWkZKKEwzqQwhlb_rphR5qXYCzwaJKf4Ps8XAsWkHWJLTEaFAL8-1k-I-UG0Zn4vJ_KWA0M9P4', '2016-04-10 00:00:00', '2016-07-27 19:26:07'),
(3, 1, 2, 37, 33, 5, 'student2', 'student2', 'b12dfe8147ac03d1e6b29ae66409d21dfcc60b', 'student2@dev.pmi5media.com', NULL, '13', NULL, NULL, 'APA91bHaUj0PwYNyyf3dSq1jbwh9q2HEacFs5Z8HCfohXeWkZKKEwzqQwhlb_rphR5qXYCzwaJKf4Ps8XAsWkHWJLTEaFAL8-1k-I-UG0Zn4vJ_KWA0M9P4', NULL, NULL),
(4, 1, 2, 37, 33, 5, 'student3', 'student3', 'b12dfe8147ac03d1e6b29ae66409d21d6fc2c60b', 'student3@dev.pmi5media.com', NULL, '14', NULL, 'iyEh8OyC', 'APA91bHMq1Z1DzAsMWjnb-TIA1dQHQ8QX_k5XVJ54VWkFOOngO3NXjIGIq_EOKUTm6xA89CIkdOoEj9yewYTcnPFAXXay4C3Eoedy5FP5lEpJXxUcCsOmLU', NULL, '2016-06-12 15:33:14'),
(5, 1, 2, 38, 33, 5, 'student4', 'student4', 'b12dfe8147ac03d1e6b29ae66409d21d6fc2c60b', 'student4@dev.pmi5media.com', NULL, '15', NULL, NULL, 'APA91bHaUj0PwYNyyf3dSq1jbwh9q2HEacFs5Z8HCfohXeWkZKKEwzqQwhlb_rphR5qXYCzwaJKf4Ps8XAsWkHWJLTEaFAL8-1k-I-UG0Zn4vJ_KWA0M9P4', NULL, NULL),
(6, 1, 1, 38, 32, 5, 'student5', 'student5', 'b12dfe8147ac03d1e6b29ae66409d21d6fc2c60b', 'student5@dev.pmi5media.com', NULL, '16', NULL, NULL, NULL, NULL, NULL),
(7, 1, 1, 39, 32, 5, 'student6', 'student6', 'b12dfe8147ac03d1e6b29ae66409d21d6fc2c60b', 'student6@dev.pmi5media.com', NULL, '17', NULL, NULL, NULL, NULL, NULL),
(8, 1, 1, 40, 32, 5, 'student7', 'student7', 'b12dfe8147ac03d1e6b29ae66409d21d6fc2c60b', 'student7@dev.pmi5media.com', NULL, '18', NULL, NULL, NULL, NULL, NULL),
(9, 1, 2, 40, 33, 5, 'student8', 'student8', 'b12dfe8147ac03d1e6b29ae66409d21d6fc2c60b', 'student8@dev.pmi5media.com', NULL, '19', NULL, NULL, NULL, NULL, NULL),
(10, 2, 1, 41, 36, 5, 'student9', 'student9', 'b12dfe8147ac03d1e6b29ae66409d21d6fc2c60b', 'student9@dev.pmi5media.com', NULL, '20', NULL, NULL, NULL, NULL, NULL),
(11, 2, 1, 42, 36, 5, 'student10', 'student10', 'b12dfe8147ac03d1e6b29ae66409d21d6fc2c60b', 'student10@dev.pmi5media.com', NULL, '21', NULL, NULL, NULL, NULL, NULL),
(12, 2, 1, 43, 36, 5, 'student11', 'student11', 'b12dfe8147ac03d1e6b29ae66409d21d6fc2c60b', 'student11@dev.pmi5media.com', NULL, '22', NULL, NULL, NULL, NULL, NULL),
(13, 2, 3, 43, 49, 5, 'student12', 'student12', 'b12dfe8147ac03d1e6b29ae66409d21d6fc2c60b', 'student12@dev.pmi5media.com', NULL, '23', NULL, NULL, NULL, NULL, NULL),
(14, 2, 3, 44, 49, 5, 'student13', 'student13', 'b12dfe8147ac03d1e6b29ae66409d21d6fc2c60b', 'student13@dev.pmi5media.com', NULL, '24', NULL, NULL, NULL, NULL, NULL),
(15, 2, 3, 45, 49, 5, 'student14', 'student14', 'b12dfe8147ac03d1e6b29ae66409d21d6fc2c60b', 'student14@dev.pmi5media.com', NULL, '25', NULL, NULL, NULL, NULL, NULL),
(16, 2, 3, 46, 49, 5, 'student15', 'student15', 'b12dfe8147ac03d1e6b29ae66409d21d6fc2c60b', 'student15@dev.pmi5media.com', NULL, '26', NULL, NULL, NULL, NULL, NULL),
(17, 3, 1, 41, 51, 5, 'student16', 'student16', 'b12dfe8147ac03d1e6b29ae66409d21d6fc2c60b', 'student16@dev.pmi5media.com', NULL, '27', NULL, NULL, NULL, NULL, NULL),
(18, 3, 1, 44, 51, 5, 'student17', 'student17', 'b12dfe8147ac03d1e6b29ae66409d21d6fc2c60b', 'student17@dev.pmi5media.com', NULL, '28', NULL, NULL, NULL, NULL, NULL),
(19, 3, 1, 45, 51, 5, 'student18', 'student18', 'b12dfe8147ac03d1e6b29ae66409d21d6fc2c60b', 'student18@dev.pmi5media.com', NULL, '29', NULL, NULL, NULL, NULL, NULL),
(20, 3, 1, 45, 51, 5, 'student19', 'student19', 'b12dfe8147ac03d1e6b29ae66409d21d6fc2c60b', 'student19@dev.pmi5media.com', NULL, '30', NULL, NULL, NULL, NULL, NULL),
(21, 3, 3, 39, 52, 5, 'student20', 'student20', 'b12dfe8147ac03d1e6b29ae66409d21d6fc2c60b', 'student20@dev.pmi5media.com', NULL, '31', NULL, NULL, NULL, NULL, NULL),
(22, 3, 3, 42, 52, 5, 'student21', 'student21', 'b12dfe8147ac03d1e6b29ae66409d21d6fc2c60b', 'student21@dev.pmi5media.com', NULL, '32', NULL, NULL, NULL, NULL, NULL),
(23, 3, 3, 46, 52, 5, 'student22', 'student22', 'b12dfe8147ac03d1e6b29ae66409d21d6fc2c60b', 'student22@dev.pmi5media.com', NULL, '33', NULL, NULL, NULL, NULL, NULL),
(24, 3, 3, 41, 52, 5, 'student23', 'student23', 'b12dfe8147ac03d1e6b29ae66409d21d6fc2c60b', 'student23@dev.pmi5media.com', NULL, '34', NULL, NULL, NULL, NULL, NULL),
(25, 3, 3, 43, 52, 5, 'student24', 'student24', 'b12dfe8147ac03d1e6b29ae66409d21d6fc2c60b', 'student24@dev.pmi5media.com', NULL, '35', NULL, NULL, NULL, NULL, NULL),
(26, 3, 3, 37, 52, 5, 'student25', 'student25', 'b12dfe8147ac03d1e6b29ae66409d21d6fc2c60b', 'student25@dev.pmi5media.com', NULL, '36', NULL, NULL, NULL, NULL, NULL),
(27, 3, 3, 44, 52, 5, 'student26', 'student26', 'b12dfe8147ac03d1e6b29ae66409d21d6fc2c60b', 'student26@dev.pmi5media.com', NULL, '37', NULL, NULL, NULL, NULL, NULL),
(28, 3, 6, 39, 53, 5, 'student27', 'student27', 'b12dfe8147ac03d1e6b29ae66409d21d6fc2c60b', 'student27@dev.pmi5media.com', NULL, '38', NULL, NULL, NULL, NULL, NULL),
(29, 3, 6, 41, 53, 5, 'student28', 'student28', 'b12dfe8147ac03d1e6b29ae66409d21d6fc2c60b', 'student28@dev.pmi5media.com', NULL, '39', NULL, NULL, NULL, NULL, NULL),
(30, 3, 6, 45, 53, 5, 'student29', 'student29', 'b12dfe8147ac03d1e6b29ae66409d21d6fc2c60b', 'student29@dev.pmi5media.com', NULL, '40', NULL, NULL, NULL, NULL, NULL),
(31, 3, 6, 46, 53, 5, 'student30', 'student30', 'b12dfe8147ac03d1e6b29ae66409d21d6fc2c60b', 'student30@dev.pmi5media.com', NULL, '41', NULL, NULL, NULL, NULL, NULL),
(32, 1, 1, 0, 0, 3, 'teacher1', 'teacher1', 'b12dfe8147ac03d1e6b29ae66409d21d6fc2c60b', 'teacher1@dev.pmi5media.com', NULL, NULL, NULL, 'si56TNlc', 'APA91bFqvCz4UXH1TQp3sDCMCII6I4qZMXvBnOIiHm7vuOPlI5zMUDJNj90AwViuyQ87ezwmpv5D3E_Ur25MrDIwvMt1pnOzwxfJmbt1yhnKmP0kTzpZXcI', NULL, '2016-09-10 02:48:57'),
(33, 1, 2, 0, 0, 3, 'teacher2', 'teacher2', 'b12dfe8147ac03d1e6b29ae66409d21d6fc2c60b', 'teacher2@dev.pmi5media.com', NULL, NULL, NULL, 'Gpoaqkb3', 'APA91bE88JCMVvvny4NdD9g04qn3BlAg34S_kGpGO_3F2s7Mb9yii0tc8Xf-BHVSHapBHyp5tGibE6CUsayYlCIAGnala5b01cLQecnrc0GA3jqm-pUUHfQ', NULL, '2016-08-28 05:14:46'),
(36, 2, 1, 0, 0, 3, 'teacher3', 'teacher3', 'b12dfe8147ac03d1e6b29ae66409d21d6fc2c60b', 'teacher3@dev.pmi5media.com', NULL, NULL, NULL, 'eJgc6Hp5', 'APA91bHo-B5CwLFDvh3YuvUlzm0zUEZBE9-Y5iYrbUS4KkGP-khhkK1Mv_AD0-dEuSjrtZRIh6Mecn-oTQOHl4J6Z3BXuev7sc_Nmg8skn-HfNDeZKDFANI', NULL, '2016-07-30 17:36:46'),
(37, 0, 0, 0, 0, 2, 'parent1', 'parent1', 'b12dfe8147ac03d1e6b29ae66409d21d6fc2c60b', 'parent1@dev.pmi5media.com', NULL, NULL, NULL, 'jkKrEJbM', 'APA91bFrH93jlkQaV73OIUmJf_w7_JzApITylStRS8GnakMXjqht0B08w0oM0rnoQMYEqYhz-ldv4HZYcau5d1wEVAAhEaT7ijdveXqAaYts-FqCU6sfkrA', NULL, '2016-09-10 13:46:13'),
(38, 0, 0, 0, 0, 2, 'parent2', 'parent2', 'b12dfe8147ac03d1e6b29ae66409d21d6fc2c60b', 'parent2@dev.pmi5media.com', NULL, NULL, NULL, 'r1pSmphd', 'APA91bFi0_SMI36uDFHstbO06iKTxeSdFaU9dEdofYfE5zTLpyKsOtepYRe0CiWA-xp2LMxzsed3-PstJDBY2I6MR9IgZ3LyILP8JYvq7GH6AYfzubX4Tbo', NULL, '2016-08-04 03:13:04'),
(39, 0, 0, 0, 0, 2, 'parent3', 'parent3', 'b12dfe8147ac03d1e6b29ae66409d21d6fc2c60b', 'parent3@dev.pmi5media.com', NULL, NULL, NULL, 'K5I23baI', NULL, NULL, '2016-06-17 18:30:18'),
(40, 0, 0, 0, 0, 2, 'parent4', 'parent4', 'b12dfe8147ac03d1e6b29ae66409d21d6fc2c60b', 'parent4@dev.pmi5media.com', NULL, NULL, NULL, 'm0rkZjF4', 'APA91bG7BSghhLYbccF9BnapMmJU1QGvLWLaAXdngiS8qnLNoh_LdHtTDyABv4X861-b0db82rSyhFUxGZDYaeeB5ksfjYvsYfForBgoDwXtKHZ0ra2y2MU', NULL, '2016-06-17 18:31:06'),
(41, 0, 0, 0, 0, 2, 'parent5', 'parent5', 'b12dfe8147ac03d1e6b29ae66409d21d6fc2c60b', 'parent5@dev.pmi5media.com', NULL, NULL, NULL, NULL, NULL, NULL, NULL),
(42, 0, 0, 0, 0, 2, 'parent6', 'parent6', 'b12dfe8147ac03d1e6b29ae66409d21d6fc2c60b', 'parent6@dev.pmi5media.com', NULL, NULL, NULL, NULL, NULL, NULL, NULL),
(43, 0, 0, 0, 0, 2, 'parent7', 'parent7', 'b12dfe8147ac03d1e6b29ae66409d21d6fc2c60b', 'parent7@dev.pmi5media.com', NULL, NULL, NULL, NULL, NULL, NULL, NULL),
(44, 0, 0, 0, 0, 2, 'parent8', 'parent8', 'b12dfe8147ac03d1e6b29ae66409d21d6fc2c60b', 'parent8@dev.pmi5media.com', NULL, NULL, NULL, NULL, NULL, NULL, NULL),
(45, 0, 0, 0, 0, 2, 'parent9', 'parent9', 'b12dfe8147ac03d1e6b29ae66409d21d6fc2c60b', 'parent9@dev.pmi5media.com', NULL, NULL, NULL, NULL, NULL, NULL, NULL),
(46, 0, 0, 0, 0, 2, 'parent10', 'parent10', 'b12dfe8147ac03d1e6b29ae66409d21d6fc2c60b', 'parent10@dev.pmi5media.com', NULL, NULL, NULL, NULL, NULL, NULL, NULL),
(47, 0, 0, 0, 0, 4, 'staff1', 'staff1', 'b12dfe8147ac03d1e6b29ae66409d21d6fc2c60b', 'staff1@dev.pmi5media.com', NULL, NULL, NULL, NULL, NULL, NULL, NULL),
(48, 0, 0, 0, 0, 4, 'staff2', 'staff2', 'b12dfe8147ac03d1e6b29ae66409d21d6fc2c60b', 'staff2@dev.pmi5media.com', NULL, NULL, NULL, NULL, NULL, NULL, NULL),
(49, 2, 3, 0, 0, 3, 'teacher4', 'teacher4', 'b12dfe8147ac03d1e6b29ae66409d21d6fc2c60b', 'teacher4@dev.pmi5media.com', NULL, NULL, NULL, 'e1GcGzAG', NULL, NULL, '2016-07-28 19:52:55'),
(51, 3, 1, 0, 0, 3, 'teacher5', 'teacher5', 'b12dfe8147ac03d1e6b29ae66409d21d6fc2c60b', 'teacher5@dev.pmi5media.com', NULL, NULL, NULL, 'GBerp2wz', NULL, NULL, '2016-07-28 19:33:04'),
(52, 3, 3, 0, 0, 3, 'teacher6', 'teacher6', 'b12dfe8147ac03d1e6b29ae66409d21d6fc2c60b', 'teacher6@dev.pmi5media.com', NULL, NULL, NULL, 'o9tefBMN', 'APA91bFqvCz4UXH1TQp3sDCMCII6I4qZMXvBnOIiHm7vuOPlI5zMUDJNj90AwViuyQ87ezwmpv5D3E_Ur25MrDIwvMt1pnOzwxfJmbt1yhnKmP0kTzpZXcI', NULL, '2016-07-30 17:45:02'),
(53, 3, 6, 0, 0, 3, 'teacher7', 'teacher7', 'b12dfe8147ac03d1e6b29ae66409d21d6fc2c60b', 'teacher7@dev.pmi5media.com', NULL, NULL, NULL, 'a5bfnaMR', 'APA91bFqvCz4UXH1TQp3sDCMCII6I4qZMXvBnOIiHm7vuOPlI5zMUDJNj90AwViuyQ87ezwmpv5D3E_Ur25MrDIwvMt1pnOzwxfJmbt1yhnKmP0kTzpZXcI', NULL, '2016-07-30 20:01:57');

-- --------------------------------------------------------

--
-- Table structure for table `user_informations`
--

CREATE TABLE IF NOT EXISTS `user_informations` (
  `id` int(11) NOT NULL AUTO_INCREMENT,
  `information_id` int(2) NOT NULL,
  `for_user_id` int(11) NOT NULL,
  `by_user_id` int(11) NOT NULL,
  `message` text NOT NULL,
  `status` tinyint(1) NOT NULL,
  `created` datetime NOT NULL,
  `modified` datetime NOT NULL,
  PRIMARY KEY (`id`)
) ENGINE=InnoDB DEFAULT CHARSET=latin1 AUTO_INCREMENT=1 ;

-- --------------------------------------------------------

--
-- Table structure for table `volunteers`
--

CREATE TABLE IF NOT EXISTS `volunteers` (
  `id` int(11) NOT NULL AUTO_INCREMENT,
  `school_id` int(11) DEFAULT NULL,
  `date` date DEFAULT NULL,
  `title` varchar(255) DEFAULT NULL,
  `details` text,
  `status` tinyint(2) DEFAULT '1',
  `created` datetime DEFAULT NULL,
  `modified` datetime DEFAULT NULL,
  PRIMARY KEY (`id`)
) ENGINE=InnoDB  DEFAULT CHARSET=latin1 AUTO_INCREMENT=5 ;

--
-- Dumping data for table `volunteers`
--

INSERT INTO `volunteers` (`id`, `school_id`, `date`, `title`, `details`, `status`, `created`, `modified`) VALUES
(1, 1, '2016-05-20', 'title', 'vol', 1, '2016-05-12 04:23:56', '2016-05-20 09:47:41'),
(2, 1, '2016-05-14', 'vt23', 'qqwqw', 1, '2016-05-14 08:40:23', '2016-05-14 08:40:48'),
(3, 1, '2016-05-14', 'v4', 'fffg tttt', 1, '2016-05-14 08:42:30', '2016-05-14 08:44:20'),
(4, 1, '2016-09-06', 'new ', 'Okay', 1, '2016-09-06 04:29:13', '2016-09-06 04:29:13');

-- --------------------------------------------------------

--
-- Table structure for table `volunteer_images`
--

CREATE TABLE IF NOT EXISTS `volunteer_images` (
  `id` int(11) NOT NULL AUTO_INCREMENT,
  `volunteer_id` int(11) DEFAULT NULL,
  `photo` varchar(255) DEFAULT NULL,
  `status` tinyint(2) DEFAULT '1',
  `created` datetime DEFAULT NULL,
  PRIMARY KEY (`id`)
) ENGINE=InnoDB  DEFAULT CHARSET=latin1 AUTO_INCREMENT=6 ;

--
-- Dumping data for table `volunteer_images`
--

INSERT INTO `volunteer_images` (`id`, `volunteer_id`, `photo`, `status`, `created`) VALUES
(5, 1, '34d55e5ebb92a3aaada6331ce0e95e1c.jpeg', 1, '2016-05-20 09:47:41');

/*!40101 SET CHARACTER_SET_CLIENT=@OLD_CHARACTER_SET_CLIENT */;
/*!40101 SET CHARACTER_SET_RESULTS=@OLD_CHARACTER_SET_RESULTS */;
/*!40101 SET COLLATION_CONNECTION=@OLD_COLLATION_CONNECTION */;
